-- phpMyAdmin SQL Dump
-- version 4.1.14
-- http://www.phpmyadmin.net
--
-- Client :  127.0.0.1
-- Généré le :  Dim 18 Mai 2014 à 09:46
-- Version du serveur :  5.6.17
-- Version de PHP :  5.5.12

SET SQL_MODE = "NO_AUTO_VALUE_ON_ZERO";
SET time_zone = "+00:00";


/*!40101 SET @OLD_CHARACTER_SET_CLIENT=@@CHARACTER_SET_CLIENT */;
/*!40101 SET @OLD_CHARACTER_SET_RESULTS=@@CHARACTER_SET_RESULTS */;
/*!40101 SET @OLD_COLLATION_CONNECTION=@@COLLATION_CONNECTION */;
/*!40101 SET NAMES utf8 */;

--
-- Base de données :  `rssreader`
--
CREATE DATABASE IF NOT EXISTS `rssreader` DEFAULT CHARACTER SET utf8 COLLATE utf8_bin;
USE `rssreader`;

-- --------------------------------------------------------

--
-- Structure de la table `comment`
--

CREATE TABLE IF NOT EXISTS `comment` (
  `feed_url` varchar(200) COLLATE utf8_bin NOT NULL,
  `publication_url` varchar(200) COLLATE utf8_bin NOT NULL,
  `user_email` varchar(200) COLLATE utf8_bin NOT NULL,
  `date` date NOT NULL,
  `text` text COLLATE utf8_bin NOT NULL,
  PRIMARY KEY (`feed_url`,`publication_url`,`user_email`)
) ENGINE=InnoDB DEFAULT CHARSET=utf8 COLLATE=utf8_bin;

--
-- Contenu de la table `comment`
--

INSERT INTO `comment` (`feed_url`, `publication_url`, `user_email`, `date`, `text`) VALUES
('feed://Gothdor@gmail.com', 'http://www.dhnet.be/actu/sante/cancer-du-cerveau-chez-l-enfant-de-nouvelles-pistes-therapeutiques-5341a9933570d35ee3e85317', 'Honranre@gmail.com', '2014-05-18', 'woaw ...'),
('feed://Gothdor@gmail.com', 'http://www.dhnet.be/sports/football/diablesrouges/vanden-borre-a-gagne-son-duel-a-distance-5341afd83570d35ee3e85347', 'Anyavriel@gmail.com', '2014-05-18', 'bien joué'),
('feed://Gothdor@gmail.com', 'http://www.dhnet.be/sports/football/diablesrouges/vanden-borre-a-gagne-son-duel-a-distance-5341afd83570d35ee3e85347', 'Morril@gmail.com', '2014-05-18', 'pas convaincu'),
('feed://Gothdor@gmail.com', 'http://www.lalibre.be/culture/cinema/dix-raisons-de-se-souvenir-de-mickey-rooney-534280003570aae038afda0a', 'Morril@gmail.com', '2014-05-18', 'grand homme !'),
('feed://Gothdor@gmail.com', 'http://www.tomshardware.fr/articles/thermolab-itx30-asus-hero,1-47288.html#xtor=RSS-100', 'Honranre@gmail.com', '2014-05-18', 'pourquoi tu dis ça ?'),
('feed://Gothdor@gmail.com', 'http://www.tomshardware.fr/articles/thermolab-itx30-asus-hero,1-47288.html#xtor=RSS-100', 'Morril@gmail.com', '2014-05-18', 'pas génial génial');

-- --------------------------------------------------------

--
-- Structure de la table `contain`
--

CREATE TABLE IF NOT EXISTS `contain` (
  `feed_url` varchar(200) COLLATE utf8_bin NOT NULL,
  `publication_url` varchar(200) COLLATE utf8_bin NOT NULL,
  PRIMARY KEY (`feed_url`,`publication_url`)
) ENGINE=InnoDB DEFAULT CHARSET=utf8 COLLATE=utf8_bin;

--
-- Contenu de la table `contain`
--

INSERT INTO `contain` (`feed_url`, `publication_url`) VALUES
('D:UsersSimonDesktopProjet GitBDD\nss\nss_dh.xml', 'http://www.dhnet.be/actu/belgique/l-axe-ferroviaire-bruxelles-nord-sud-degage-53424f273570d35ee3e8d2b6'),
('D:UsersSimonDesktopProjet GitBDD\nss\nss_dh.xml', 'http://www.dhnet.be/actu/belgique/le-cdh-est-sur-represente-dans-la-magistrature-53422ffb3570d35ee3e8ba22'),
('D:UsersSimonDesktopProjet GitBDD\nss\nss_dh.xml', 'http://www.dhnet.be/actu/belgique/milquet-vise-la-presidence-de-la-region-bruxelloise-534194203570aae038af5252'),
('D:UsersSimonDesktopProjet GitBDD\nss\nss_dh.xml', 'http://www.dhnet.be/actu/belgique/pairi-daiza-du-monde-pour-voir-les-pandas-53419a493570aae038af529d'),
('D:UsersSimonDesktopProjet GitBDD\nss\nss_dh.xml', 'http://www.dhnet.be/actu/economie/l-ancien-patron-de-bpost-rejoint-le-conseil-d-administration-de-delhaize-5342611d3570aae038afc4b2'),
('D:UsersSimonDesktopProjet GitBDD\nss\nss_dh.xml', 'http://www.dhnet.be/actu/faits/france-un-adolescent-inculpe-pour-le-meurtre-d-une-fillette-5341c5683570aae038af7cd4'),
('D:UsersSimonDesktopProjet GitBDD\nss\nss_dh.xml', 'http://www.dhnet.be/actu/faits/les-medecins-discutent-de-prelever-les-organes-d-un-patient-conscient-534266a63570d35ee3e8d38d'),
('D:UsersSimonDesktopProjet GitBDD\nss\nss_dh.xml', 'http://www.dhnet.be/actu/faits/trois-corps-repeches-dans-le-canal-a-ham-apres-un-accident-de-voiture-534274b53570d35ee3e8e80b'),
('D:UsersSimonDesktopProjet GitBDD\nss\nss_dh.xml', 'http://www.dhnet.be/actu/faits/un-belge-de-23-ans-decede-dans-une-prison-equatorienne-53422bf23570d35ee3e8b9fb'),
('D:UsersSimonDesktopProjet GitBDD\nss\nss_dh.xml', 'http://www.dhnet.be/actu/faits/un-homme-victime-d-une-tentative-de-meurtre-a-la-chevrotine-a-autreppe-53425d403570d35ee3e8d346'),
('D:UsersSimonDesktopProjet GitBDD\nss\nss_dh.xml', 'http://www.dhnet.be/actu/monde/elections-hongroises-viktor-orban-en-tete-devant-la-gauche-53419e023570aae038af52bd'),
('D:UsersSimonDesktopProjet GitBDD\nss\nss_dh.xml', 'http://www.dhnet.be/actu/monde/il-traverse-la-seine-sur-un-fil-a-25-metres-de-hauteur-5341a1f23570aae038af52ed'),
('D:UsersSimonDesktopProjet GitBDD\nss\nss_dh.xml', 'http://www.dhnet.be/actu/monde/pistorius-en-pleurs-s-excuse-pour-le-meurtre-de-sa-petite-amie-534231db3570aae038af9887'),
('D:UsersSimonDesktopProjet GitBDD\nss\nss_dh.xml', 'http://www.dhnet.be/actu/monde/rwanda-20-ans-apres-la-mort-des-10-paras-suivez-les-commemorations-en-direct-534191c43570d35ee3e83d7f'),
('D:UsersSimonDesktopProjet GitBDD\nss\nss_dh.xml', 'http://www.dhnet.be/actu/monde/une-fete-a-tout-casser-en-californie-100-interpellations-44-blesses-534233bd3570aae038af9891'),
('D:UsersSimonDesktopProjet GitBDD\nss\nss_dh.xml', 'http://www.dhnet.be/actu/monde/vol-mh370-l-australie-annonce-la-detection-de-nouveaux-signaux-53422ee93570aae038af9870'),
('D:UsersSimonDesktopProjet GitBDD\nss\nss_dh.xml', 'http://www.dhnet.be/actu/sante/cancer-du-cerveau-chez-l-enfant-de-nouvelles-pistes-therapeutiques-5341a9933570d35ee3e85317'),
('D:UsersSimonDesktopProjet GitBDD\nss\nss_dh.xml', 'http://www.dhnet.be/conso/consommation/busine-du-vin-comment-le-fric-tue-l-ame-des-grands-crus-533eb9af3570aae038ad99d8'),
('D:UsersSimonDesktopProjet GitBDD\nss\nss_dh.xml', 'http://www.dhnet.be/conso/consommation/pieces-de-1-et-2-cents-supprimees-les-supermarches-n-arrondiront-pas-les-tickets-de-caisse-534275d53570aae038afd9ca'),
('D:UsersSimonDesktopProjet GitBDD\nss\nss_dh.xml', 'http://www.dhnet.be/conso/pourelle/l-arme-secrete-de-la-confiance-en-soi-534260cb3570d35ee3e8d36c'),
('D:UsersSimonDesktopProjet GitBDD\nss\nss_dh.xml', 'http://www.dhnet.be/medias/cinema/deces-de-l-acteur-americain-mickey-rooney-5342311f3570aae038af9884'),
('D:UsersSimonDesktopProjet GitBDD\nss\nss_dh.xml', 'http://www.dhnet.be/people-buzz/familles-royales/albert-n-aurait-pas-rendu-visite-a-laurent-534259803570aae038afc410'),
('D:UsersSimonDesktopProjet GitBDD\nss\nss_dh.xml', 'http://www.dhnet.be/people-buzz/sports/une-sportive-heurtee-a-la-tete-par-un-drone-534266c73570aae038afd7ed'),
('D:UsersSimonDesktopProjet GitBDD\nss\nss_dh.xml', 'http://www.dhnet.be/regions/liege/promotion-d-kinet-vire-du-rfc-liege-qui-a-peut-etre-perdu-le-titre-5341907e3570d35ee3e83d72'),
('D:UsersSimonDesktopProjet GitBDD\nss\nss_dh.xml', 'http://www.dhnet.be/sports/cyclisme/boonen-je-ne-suis-pas-decu-5341ab5e3570d35ee3e85332'),
('D:UsersSimonDesktopProjet GitBDD\nss\nss_dh.xml', 'http://www.dhnet.be/sports/f1/et-le-champion-du-monde-sera-5341a78d3570d35ee3e852f7'),
('D:UsersSimonDesktopProjet GitBDD\nss\nss_dh.xml', 'http://www.dhnet.be/sports/football/diablesrouges/casteels-forfait-qui-sera-notre-3e-gardien-au-bresil-53424f7a3570d35ee3e8d2bb'),
('D:UsersSimonDesktopProjet GitBDD\nss\nss_dh.xml', 'http://www.dhnet.be/sports/football/diablesrouges/casteels-prive-de-mondial-534196653570aae038af526e'),
('D:UsersSimonDesktopProjet GitBDD\nss\nss_dh.xml', 'http://www.dhnet.be/sports/football/diablesrouges/proto-tant-mieux-pour-moi-si-wilmots-m-appelle-5341d0273570d35ee3e86835'),
('D:UsersSimonDesktopProjet GitBDD\nss\nss_dh.xml', 'http://www.dhnet.be/sports/football/diablesrouges/vanden-borre-a-gagne-son-duel-a-distance-5341afd83570d35ee3e85347'),
('D:UsersSimonDesktopProjet GitBDD\nss\nss_dh.xml', 'http://www.dhnet.be/sports/football/division1/anderlecht/anderlecht-fc-bruges-l-analyse-de-notre-specialiste-et-les-notes-des-mauves-5341b1613570aae038af6800'),
('D:UsersSimonDesktopProjet GitBDD\nss\nss_dh.xml', 'http://www.dhnet.be/sports/football/division1/anderlecht/praet-nous-sommes-obliges-de-viser-la-1re-place-5341c93b3570aae038af7cde'),
('D:UsersSimonDesktopProjet GitBDD\nss\nss_dh.xml', 'http://www.dhnet.be/sports/football/division1/fc-bruges/le-bulletin-de-notes-de-bruges-5341b0503570d35ee3e85348'),
('D:UsersSimonDesktopProjet GitBDD\nss\nss_dh.xml', 'http://www.dhnet.be/sports/football/division1/olivier-deschacht-gagnons-en-deplacement-apres-on-parlera-du-titre-5341c24e3570d35ee3e86814'),
('D:UsersSimonDesktopProjet GitBDD\nss\nss_dh.xml', 'http://www.dhnet.be/sports/football/division1/teklak-luzon-n-a-pas-trouve-de-reponse-tactique-5341bab03570aae038af6839'),
('D:UsersSimonDesktopProjet GitBDD\nss\nss_dh.xml', 'http://www.dhnet.be/sports/football/division2/eupen/l-alliance-renoue-avec-le-succes-4-0-5341a0613570d35ee3e85274'),
('D:UsersSimonDesktopProjet GitBDD\nss\nss_dh.xml', 'http://www.dhnet.be/sports/football/europe/championnatsetrangers/giggs-souhaiterait-quitter-manchester-united-53424ee23570d35ee3e8d2b5'),
('D:UsersSimonDesktopProjet GitBDD\nss\nss_dh.xml', 'http://www.dhnet.be/sports/football/europe/championnatsetrangers/ligue-1-monaco-retarde-la-fete-parisienne-5341c3983570d35ee3e8681a'),
('D:UsersSimonDesktopProjet GitBDD\nss\nss_dh.xml', 'http://www.dhnet.be/sports/football/mercato/batshuayi-et-n-sakala-sur-les-tablettes-de-l-as-monaco-53426be23570d35ee3e8d3f5'),
('D:UsersSimonDesktopProjet GitBDD\nss\nss_dh.xml', 'http://www.dhnet.be/sports/football/mercato/mourinho-voudrait-voir-courtois-titulaire-a-chelsea-53426bfa3570aae038afd818'),
('D:UsersSimonDesktopProjet GitBDD\nss\nss_dh.xml', 'http://www.dhnet.be/sports/football/vadis-s-enerve-sur-un-cameraman-534276273570aae038afd9cb'),
('D:UsersSimonDesktopProjet GitBDD\nss\nss_dh.xml', 'http://www.dhnet.be/sports/hockey/le-well-a-nouveau-au-sommet-534196af3570aae038af5282'),
('D:UsersSimonDesktopProjet GitBDD\nss\nss_dh.xml', 'http://www.dhnet.be/sports/tennis/atp-casablanca-david-goffin-au-3e-et-dernier-tour-des-qualifications-5342532b3570d35ee3e8d2ee'),
('D:UsersSimonDesktopProjet GitBDD\nss\nss_dh.xml', 'http://www.dhnet.be/sports/tennis/atp-houston-ruben-bemelmans-a-une-victoire-du-tableau-final-534252983570d35ee3e8d2e8'),
('D:UsersSimonDesktopProjet GitBDD\nss\nss_dh.xml', 'http://www.dhnet.be/sports/tennis/barrages-pour-le-groupe-mondial-la-belgique-tete-de-serie-en-coupe-davis-53427b943570d35ee3e8e841'),
('D:UsersSimonDesktopProjet GitBDD\nss\nss_dh.xml', 'http://www.dhnet.be/sports/tennis/classements-atp-et-wta-david-goffin-106e-kirsten-flipkens-repasse-24e-534249743570d35ee3e8d15f'),
('D:UsersSimonDesktopProjet GitBDD\nss\nss_dh.xml', 'http://www.dhnet.be/sports/tennis/coupe-davis-federer-qualifie-la-suisse-pour-les-demi-finales-5341a3b53570d35ee3e852b0'),
('D:UsersSimonDesktopProjet GitBDD\nss\nss_dh.xml', 'http://www.dhnet.be/sports/tennis/wta-charleston-victoire-de-l-allemande-andrea-petkovic-5341a2f53570d35ee3e852ab'),
('D:UsersSimonDesktopProjet GitBDD\nss\nss_dh.xml', 'http://www.dhnet.be/sports/tennis/wta-charleston-victoire-de-l-allemande-andrea-petkovic-5341b2e93570d35ee3e8535b'),
('D:UsersSimonDesktopProjet GitBDD\nss\nss_dh.xml', 'http://www.dhnet.be/sports/tennis/wta-facile-victoire-d-ana-ivanovic-a-monterrey-53423c243570d35ee3e8ba7d'),
('D:UsersSimonDesktopProjet GitBDD\nss\nss_jdg.xml', 'http://www.frandroid.com/0-android/operateurs/216915_loperateur-mobistar-lance-reseau-4g-bruxelles'),
('D:UsersSimonDesktopProjet GitBDD\nss\nss_jdg.xml', 'http://www.frandroid.com/0-android/operateurs/217104_orange-achetait-bouygues-telecom'),
('D:UsersSimonDesktopProjet GitBDD\nss\nss_jdg.xml', 'http://www.frandroid.com/0-android/operateurs/217109_free-mobile-maintient-croissance-atteint-86-millions-clients'),
('D:UsersSimonDesktopProjet GitBDD\nss\nss_jdg.xml', 'http://www.frandroid.com/0-android/operateurs/217147_numericable-en-negociations-exclusives-omea-telecom-rachat-virgin-mobile'),
('D:UsersSimonDesktopProjet GitBDD\nss\nss_jdg.xml', 'http://www.frandroid.com/0-android/social/217156_swarm-lapplication-foursquare-tournee-vers-partage-amis-disponible'),
('D:UsersSimonDesktopProjet GitBDD\nss\nss_jdg.xml', 'http://www.frandroid.com/android/216937_android-pret-version-64-bit-du-tegra-k1-nvidia'),
('D:UsersSimonDesktopProjet GitBDD\nss\nss_jdg.xml', 'http://www.frandroid.com/android/217112_google-play-accepte-paypal-methode-paiement-en-france-au-canada'),
('D:UsersSimonDesktopProjet GitBDD\nss\nss_jdg.xml', 'http://www.frandroid.com/applications/216910_monument-valley-disponible-android'),
('D:UsersSimonDesktopProjet GitBDD\nss\nss_jdg.xml', 'http://www.frandroid.com/applications/217178_mise-jour-du-google-play-store-beau-pratique-informatif'),
('D:UsersSimonDesktopProjet GitBDD\nss\nss_jdg.xml', 'http://www.frandroid.com/applications/jeux-android-applications/216854_flappy-bird-reviendra-en-aout-en-multijoueur'),
('D:UsersSimonDesktopProjet GitBDD\nss\nss_jdg.xml', 'http://www.frandroid.com/bons-plans/216878_bon-plan-lillimite-5-go-dinternet-partir-10e-chez-sfr-red'),
('D:UsersSimonDesktopProjet GitBDD\nss\nss_jdg.xml', 'http://www.frandroid.com/marques/htc/216876_htc-one-mini-2-officiel-laspect-du-m8-puissance'),
('D:UsersSimonDesktopProjet GitBDD\nss\nss_jdg.xml', 'http://www.frandroid.com/marques/htc/217019_prise-en-main-du-htc-one-mini-2-ladn-du-m8-449-euros'),
('D:UsersSimonDesktopProjet GitBDD\nss\nss_jdg.xml', 'http://www.frandroid.com/marques/lg/216762_nouvelles-photos-du-lg-g3-montre-entierement'),
('D:UsersSimonDesktopProjet GitBDD\nss\nss_jdg.xml', 'http://www.frandroid.com/marques/motorola/216656_prise-en-main-du-motorola-moto-e'),
('D:UsersSimonDesktopProjet GitBDD\nss\nss_jdg.xml', 'http://www.frandroid.com/marques/samsung/216857_galaxy-gear-samsung-va-passer-dandroid-tizen-via-mise-jour'),
('D:UsersSimonDesktopProjet GitBDD\nss\nss_jdg.xml', 'http://www.frandroid.com/marques/samsung/216976_samsung-promet-dedommagements-ses-ouvriers-malades'),
('D:UsersSimonDesktopProjet GitBDD\nss\nss_jdg.xml', 'http://www.frandroid.com/marques/samsung/216982_samsung-conference-presse-12-juin-annoncer-nouvelles-tablettes'),
('D:UsersSimonDesktopProjet GitBDD\nss\nss_jdg.xml', 'http://www.frandroid.com/marques/samsung/217152_samsung-annonce-galaxy-tab-4-education'),
('D:UsersSimonDesktopProjet GitBDD\nss\nss_jdg.xml', 'http://www.frandroid.com/produits/lunettes-intelligentes/google-glass/217153_google-glass-ivy-ross-disney-mattel-sera-en-charge-du-design'),
('D:UsersSimonDesktopProjet GitBDD\nss\nss_jdg.xml', 'http://www.frandroid.com/produits/tv-connectee-produits/217159_xiaomi-devoile-mi-tv-2-television-4k-android-470-euros'),
('D:UsersSimonDesktopProjet GitBDD\nss\nss_jdg.xml', 'http://www.frandroid.com/rumeurs/217124_lg-g3-coque-en-titanium'),
('D:UsersSimonDesktopProjet GitBDD\nss\nss_jdg.xml', 'http://www.frandroid.com/smartphone/216808_wiko-slide-wax-sauce-phablette-se-montre-juste-peu'),
('D:UsersSimonDesktopProjet GitBDD\nss\nss_jdg.xml', 'http://www.frandroid.com/smartphone/216978_philips-prepare-i928-puissant-smartphone-equipe-dun-ecran-6-pouces'),
('D:UsersSimonDesktopProjet GitBDD\nss\nss_jdg.xml', 'http://www.frandroid.com/tablette/216879_xiaomi-devoile-tablette-mi-pad-tegra-k1-batterie-6700-mah'),
('D:UsersSimonDesktopProjet GitBDD\nss\nss_jvc.xml', 'http://rss.feedsportal.com/c/808/f/413796/s/3a6d3069/sc/27/l/0L0Sjeuxvideo0N0Cnews0C20A140C0A0A0A720A90A0Eimages0Ede0Efreedom0Ewars0Bhtm/story01.htm'),
('D:UsersSimonDesktopProjet GitBDD\nss\nss_jvc.xml', 'http://rss.feedsportal.com/c/808/f/413796/s/3a6db134/sc/23/l/0L0Sjeuxvideo0N0Cnews0C20A140C0A0A0A720A910Ealone0Ein0Ethe0Edark0Ede0Eretour0Esur0Eios0Bhtm/story01.htm'),
('D:UsersSimonDesktopProjet GitBDD\nss\nss_jvc.xml', 'http://rss.feedsportal.com/c/808/f/413796/s/3a6dbf57/sc/23/l/0L0Sjeuxvideo0N0Cnews0C20A140C0A0A0A720A930Eflappy0Ebird0Erevient0Een0Eaout0Bhtm/story01.htm'),
('D:UsersSimonDesktopProjet GitBDD\nss\nss_jvc.xml', 'http://rss.feedsportal.com/c/808/f/413796/s/3a6dc954/sc/27/l/0L0Sjeuxvideo0N0Cnews0C20A140C0A0A0A720A920Enintendo0Ese0Eprepare0Epour0El0Eapres0Ewii0Eu0Bhtm/story01.htm'),
('D:UsersSimonDesktopProjet GitBDD\nss\nss_jvc.xml', 'http://rss.feedsportal.com/c/808/f/413796/s/3a715e99/sc/27/l/0L0Sjeuxvideo0N0Carticles0C0A0A0A10C0A0A0A1960A90Emario0Ekart0E80Etest0Bhtm/story01.htm'),
('D:UsersSimonDesktopProjet GitBDD\nss\nss_jvc.xml', 'http://rss.feedsportal.com/c/808/f/413796/s/3a71e92e/sc/27/l/0L0Sjeuxvideo0N0Cnews0C20A140C0A0A0A720A950Eplaystation0Enow0Eune0Ecentaine0Ede0Ejeux0Edisponibles0Eau0Elancement0Bhtm/story01.htm'),
('D:UsersSimonDesktopProjet GitBDD\nss\nss_jvc.xml', 'http://rss.feedsportal.com/c/808/f/413796/s/3a71f3e2/sc/23/l/0L0Sjeuxvideo0N0Cnews0C20A140C0A0A0A720A970Ediablo0E30Echances0Ede0Eloots0Elegendaires0Edoublees0Bhtm/story01.htm'),
('D:UsersSimonDesktopProjet GitBDD\nss\nss_jvc.xml', 'http://rss.feedsportal.com/c/808/f/413796/s/3a727a94/sc/27/l/0L0Sjeuxvideo0N0Cvideos0Eediteurs0C0A0A0A50C0A0A0A524530Cgrid0Eautosport0Epc0Edu0Egameplay0Eet0Edes0Epilotes0E0A0A120A580A0Bhtm/story01.htm'),
('D:UsersSimonDesktopProjet GitBDD\nss\nss_jvc.xml', 'http://rss.feedsportal.com/c/808/f/413796/s/3a727a9a/sc/27/l/0L0Sjeuxvideo0N0Cnews0C20A140C0A0A0A720A990Ephilips0Eattaque0Enintendo0Een0Ejustice0Bhtm/story01.htm'),
('D:UsersSimonDesktopProjet GitBDD\nss\nss_jvc.xml', 'http://rss.feedsportal.com/c/808/f/413796/s/3a7285e5/sc/27/l/0L0Sjeuxvideo0N0Cvideos0Eediteurs0C0A0A0A50C0A0A0A527240Cbombshell0Eplaystation0E40Eps40Epremier0Etrailer0E0A0A120A5750Bhtm/story01.htm'),
('D:UsersSimonDesktopProjet GitBDD\nss\nss_jvc.xml', 'http://rss.feedsportal.com/c/808/f/413796/s/3a7285eb/sc/27/l/0L0Sjeuxvideo0N0Cnews0C20A140C0A0A0A720A960Eduke0Enukem0Edevient0Ebombshell0Bhtm/story01.htm'),
('D:UsersSimonDesktopProjet GitBDD\nss\nss_jvc.xml', 'http://rss.feedsportal.com/c/808/f/413796/s/3a7472c7/sc/27/l/0L0Sjeuxvideo0N0Cnews0C20A140C0A0A0A7210A10Eun0Ebundle0Etales0Eof0Eannonce0Bhtm/story01.htm'),
('D:UsersSimonDesktopProjet GitBDD\nss\nss_jvc.xml', 'http://rss.feedsportal.com/c/808/f/413796/s/3a747b8c/sc/27/l/0L0Sjeuxvideo0N0Cnews0C20A140C0A0A0A7210A0A0Emonochroma0Edisponible0Esur0Esteam0Ele0E280Emai0Bhtm/story01.htm'),
('D:UsersSimonDesktopProjet GitBDD\nss\nss_jvc.xml', 'http://rss.feedsportal.com/c/808/f/413796/s/3a74d78c/sc/27/l/0L0Sjeuxvideo0N0Cvideos0Eediteurs0C0A0A0A40C0A0A0A428930Cenemy0Efront0Epc0Eexecution0Een0Efinesse0E0A0A120A5840Bhtm/story01.htm'),
('D:UsersSimonDesktopProjet GitBDD\nss\nss_jvc.xml', 'http://rss.feedsportal.com/c/808/f/413796/s/3a74d791/sc/23/l/0L0Sjeuxvideo0N0Cnews0C20A140C0A0A0A7210A30Estar0Ecitizen0Ele0Eplein0Ed0Eimages0Eavant0Ela0Edate0Ede0Esortie0Edu0Edogfight0Bhtm/story01.htm'),
('D:UsersSimonDesktopProjet GitBDD\nss\nss_jvc.xml', 'http://rss.feedsportal.com/c/808/f/413796/s/3a74d792/sc/23/l/0L0Sjeuxvideo0N0Cnews0C20A140C0A0A0A7210A20Ejapan0Eexpo0E20A140Eles0Epremiers0Einvites0Ede0Ebandai0Enamco0Bhtm/story01.htm'),
('D:UsersSimonDesktopProjet GitBDD\nss\nss_jvc.xml', 'http://rss.feedsportal.com/c/808/f/413796/s/3a74d793/sc/23/l/0L0Sjeuxvideo0N0Cnews0C20A140C0A0A0A7210A40Emurasaki0Ebaby0Ese0Ela0Ejoue0Etim0Eburton0Bhtm/story01.htm'),
('D:UsersSimonDesktopProjet GitBDD\nss\nss_jvc.xml', 'http://rss.feedsportal.com/c/808/f/413796/s/3a7554a3/sc/23/l/0L0Sjeuxvideo0N0Carticles0C0A0A0A10C0A0A0A196110Ethe0Ewalking0Edead0Esaison0E20Eepisode0E30Ein0Eharm0Es0Eway0Etest0Bhtm/story01.htm'),
('D:UsersSimonDesktopProjet GitBDD\nss\nss_jvc.xml', 'http://rss.feedsportal.com/c/808/f/413796/s/3a7554b5/sc/23/l/0L0Sjeuxvideo0N0Carticles0C0A0A0A10C0A0A0A196120Ethe0Ewalking0Edead0Esaison0E20Eepisode0E30Ein0Eharm0Es0Eway0Etest0Bhtm/story01.htm'),
('D:UsersSimonDesktopProjet GitBDD\nss\nss_jvc.xml', 'http://rss.feedsportal.com/c/808/f/413796/s/3a7554bb/sc/23/l/0L0Sjeuxvideo0N0Carticles0C0A0A0A10C0A0A0A196130Ethe0Ewalking0Edead0Esaison0E20Eepisode0E30Ein0Eharm0Es0Eway0Etest0Bhtm/story01.htm'),
('D:UsersSimonDesktopProjet GitBDD\nss\nss_jvc.xml', 'http://rss.feedsportal.com/c/808/f/413796/s/3a7554c0/sc/23/l/0L0Sjeuxvideo0N0Carticles0C0A0A0A10C0A0A0A196140Ethe0Ewalking0Edead0Esaison0E20Eepisode0E30Ein0Eharm0Es0Eway0Etest0Bhtm/story01.htm'),
('D:UsersSimonDesktopProjet GitBDD\nss\nss_jvc.xml', 'http://rss.feedsportal.com/c/808/f/413796/s/3a7554c5/sc/23/l/0L0Sjeuxvideo0N0Cvideos0Eediteurs0C0A0A0A40C0A0A0A440A870Cwar0Ethunder0Epc0Ela0Emise0Ea0Ejour0E10E410E0A0A120A5880Bhtm/story01.htm'),
('D:UsersSimonDesktopProjet GitBDD\nss\nss_jvc.xml', 'http://rss.feedsportal.com/c/808/f/413796/s/3a7554c9/sc/27/l/0L0Sjeuxvideo0N0Cnews0C20A140C0A0A0A7210A50Ecd0Eprojekt0Eet0Ewitcher0E30Echangent0Ede0Elogo0Bhtm/story01.htm'),
('D:UsersSimonDesktopProjet GitBDD\nss\nss_jvc.xml', 'http://rss.feedsportal.com/c/808/f/413796/s/3a76278b/sc/37/l/0L0Sjeuxvideo0N0Cnews0C20A140C0A0A0A7210A60Ecounter0Estrike0Een0Etotale0Evr0Eca0Edonne0Equoi0Bhtm/story01.htm'),
('D:UsersSimonDesktopProjet GitBDD\nss\nss_jvc.xml', 'http://rss.feedsportal.com/c/808/f/413796/s/3a762c56/sc/27/l/0L0Sjeuxvideo0N0Cnews0C20A140C0A0A0A7210A70Eles0Edeux0Edead0Eisland0Ereunis0Ea0Epetit0Eprix0Bhtm/story01.htm'),
('D:UsersSimonDesktopProjet GitBDD\nss\nss_jvc.xml', 'http://rss.feedsportal.com/c/808/f/413796/s/3a76b723/sc/23/l/0L0Sjeuxvideo0N0Carticles0C0A0A0A10C0A0A0A19610A0Ethe0Eamazing0Espider0Eman0E20Etest0Bhtm/story01.htm'),
('D:UsersSimonDesktopProjet GitBDD\nss\nss_jvc.xml', 'http://rss.feedsportal.com/c/808/f/413796/s/3a76b726/sc/27/l/0L0Sjeuxvideo0N0Cnews0C20A140C0A0A0A7210A80Epas0Ede0Epanique0Ewitcher0E30Ene0Esera0Epas0Erepousse0Ea0Enouveau0Bhtm/story01.htm'),
('D:UsersSimonDesktopProjet GitBDD\nss\nss_jvc.xml', 'http://rss.feedsportal.com/c/808/f/413796/s/3a76b72c/sc/23/l/0L0Sjeuxvideo0N0Cnews0C20A140C0A0A0A7210A90Efar0Ecry0E40Edate0Ede0Esortie0Eet0Eimage0Bhtm/story01.htm'),
('D:UsersSimonDesktopProjet GitBDD\nss\nss_jvc.xml', 'http://rss.feedsportal.com/c/808/f/413796/s/3a76fdfd/sc/23/l/0L0Sjeuxvideo0N0Cnews0C20A140C0A0A0A72110A0Ewatch0Edogs0Edes0Eprecommandes0Ehistoriques0Bhtm/story01.htm'),
('D:UsersSimonDesktopProjet GitBDD\nss\nss_jvc.xml', 'http://rss.feedsportal.com/c/808/f/413796/s/3a7725ff/sc/23/l/0L0Sjeuxvideo0N0Cnews0C20A140C0A0A0A720A940Ehearthstone0Ecup0Ejour0E110Edemi0Efinale0Bhtm/story01.htm'),
('D:UsersSimonDesktopProjet GitBDD\nss\nss_jvc.xml', 'http://rss.feedsportal.com/c/808/f/413796/s/3a772a82/sc/23/l/0L0Sjeuxvideo0N0Cnews0C20A140C0A0A0A7210A90Epremiers0Edetails0Esur0Efar0Ecry0E40Bhtm/story01.htm'),
('D:UsersSimonDesktopProjet GitBDD\nss\nss_jvc.xml', 'http://rss.feedsportal.com/c/808/f/413796/s/3a77e751/sc/23/l/0L0Sjeuxvideo0N0Cnews0C20A140C0A0A0A721110Ethe0Edivision0Erepousse0Ea0E20A150Bhtm/story01.htm'),
('D:UsersSimonDesktopProjet GitBDD\nss\nss_jvc.xml', 'http://rss.feedsportal.com/c/808/f/413796/s/3a77e753/sc/2/l/0L0Sjeuxvideo0N0Cnews0C20A140C0A0A0A721120Eubisoft0Eresultats0Een0Ebaisse0Esecteur0Edigital0Een0Ehausse0Bhtm/story01.htm'),
('D:UsersSimonDesktopProjet GitBDD\nss\nss_jvc.xml', 'http://rss.feedsportal.com/c/808/f/413796/s/3a7845d7/sc/27/l/0L0Sjeuxvideo0N0Cnews0C20A140C0A0A0A721140Eultra0Estreet0Efighter0E40Edates0Eet0Eprix0Bhtm/story01.htm'),
('D:UsersSimonDesktopProjet GitBDD\nss\nss_jvc.xml', 'http://rss.feedsportal.com/c/808/f/413796/s/3a7886c5/sc/23/l/0L0Sjeuxvideo0N0Cnews0C20A140C0A0A0A721130Erayman0Efiesta0Erun0Ede0Enouveaux0Eniveaux0Eet0Epouvoirs0Bhtm/story01.htm'),
('D:UsersSimonDesktopProjet GitBDD\nss\nss_jvc.xml', 'http://rss.feedsportal.com/c/808/f/413796/s/3a7896ba/sc/23/l/0L0Sjeuxvideo0N0Cvideos0Eediteurs0C0A0A0A50C0A0A0A527410Cheavy0Ebullets0Epc0Een0Eacces0Eanticipe0Esur0Esteam0E0A0A120A5920Bhtm/story01.htm'),
('D:UsersSimonDesktopProjet GitBDD\nss\nss_jvc.xml', 'http://rss.feedsportal.com/c/808/f/413796/s/3a7896c1/sc/23/l/0L0Sjeuxvideo0N0Cnews0C20A140C0A0A0A721150Eheavy0Ebullets0Eun0Efps0Ea0Eballes0Elimitees0Bhtm/story01.htm'),
('D:UsersSimonDesktopProjet GitBDD\nss\nss_jvc.xml', 'http://rss.feedsportal.com/c/808/f/413796/s/3a7918bd/sc/23/l/0L0Sjeuxvideo0N0Cnews0C20A140C0A0A0A721160Enintendo0Eles0Etelechargements0Ede0Ela0Esemaine0Bhtm/story01.htm'),
('D:UsersSimonDesktopProjet GitBDD\nss\nss_jvc.xml', 'http://rss.feedsportal.com/c/808/f/413796/s/3a7c2a6a/sc/23/l/0L0Sjeuxvideo0N0Carticles0C0A0A0A10C0A0A0A196150Edemon0Egaze0Etest0Bhtm/story01.htm'),
('D:UsersSimonDesktopProjet GitBDD\nss\nss_jvc.xml', 'http://rss.feedsportal.com/c/808/f/413796/s/3a7d1e0b/sc/27/l/0L0Sjeuxvideo0N0Cnews0C20A140C0A0A0A721190E10A0Estudios0Esur0Eassassin0Es0Ecreed0Eunity0Bhtm/story01.htm'),
('D:UsersSimonDesktopProjet GitBDD\nss\nss_jvc.xml', 'http://rss.feedsportal.com/c/808/f/413796/s/3a7d1e0e/sc/37/l/0L0Sjeuxvideo0N0Cnews0C20A140C0A0A0A72120A0Enba0E2k150Ecomprendra0E250Eequipes0Ed0Eeuroleague0Bhtm/story01.htm'),
('D:UsersSimonDesktopProjet GitBDD\nss\nss_jvc.xml', 'http://rss.feedsportal.com/c/808/f/413796/s/3a7d1e10/sc/23/l/0L0Sjeuxvideo0N0Cnews0C20A140C0A0A0A721210Edriveclub0Edeux0Enouveaux0Eextraits0Ede0Egameplay0Bhtm/story01.htm'),
('D:UsersSimonDesktopProjet GitBDD\nss\nss_jvc.xml', 'http://rss.feedsportal.com/c/808/f/413796/s/3a7d367f/sc/27/l/0L0Sjeuxvideo0N0Cmaking0Eof0C0A0A0A40C0A0A0A483740Cmind0Ezero0Eplaystation0Evita0Ele0Eboss0Eau0Emicro0E0A0A120A60A20Bhtm/story01.htm'),
('D:UsersSimonDesktopProjet GitBDD\nss\nss_jvc.xml', 'http://rss.feedsportal.com/c/808/f/413796/s/3a7d3688/sc/23/l/0L0Sjeuxvideo0N0Cvideos0Eediteurs0C0A0A0A50C0A0A0A527450Csuperhot0Epc0Epause0Electure0E0A0A120A60A60Bhtm/story01.htm'),
('D:UsersSimonDesktopProjet GitBDD\nss\nss_jvc.xml', 'http://rss.feedsportal.com/c/808/f/413796/s/3a7d368a/sc/23/l/0L0Sjeuxvideo0N0Cnews0C20A140C0A0A0A721230Esuperhot0Efinance0Een0Emoins0Ede0E480Eheures0Bhtm/story01.htm'),
('D:UsersSimonDesktopProjet GitBDD\nss\nss_jvc.xml', 'http://rss.feedsportal.com/c/808/f/413796/s/3a7d368c/sc/4/l/0L0Sjeuxvideo0N0Cnews0C20A140C0A0A0A721240Emass0Eeffect0Equels0Esont0Eles0Eprenoms0Eles0Eplus0Edonnes0Epar0Eles0Ejoueurs0Bhtm/story01.htm'),
('D:UsersSimonDesktopProjet GitBDD\nss\nss_jvc.xml', 'http://rss.feedsportal.com/c/808/f/413796/s/3a7dc305/sc/23/l/0L0Sjeuxvideo0N0Cnews0C20A140C0A0A0A721290Eun0Edragon0Eball0Eprevu0Esur0Eps40Bhtm/story01.htm'),
('D:UsersSimonDesktopProjet GitBDD\nss\nss_jvc.xml', 'http://rss.feedsportal.com/c/808/f/413796/s/3a7dc309/sc/23/l/0L0Sjeuxvideo0N0Cnews0C20A140C0A0A0A72130A0Ehalo0E50Eguardians0Epour0El0Eautomne0E20A150Bhtm/story01.htm'),
('D:UsersSimonDesktopProjet GitBDD\nss\nss_jvc.xml', 'http://rss.feedsportal.com/c/808/f/413796/s/3a7dcedb/sc/18/l/0L0Sjeuxvideo0N0Cnews0C20A140C0A0A0A721260Egta0Eonline0Eweek0Eend0Evie0Ede0Ereve0Bhtm/story01.htm'),
('D:UsersSimonDesktopProjet GitBDD\nss\nss_jvc.xml', 'http://rss.feedsportal.com/c/808/f/413796/s/3a7dcedd/sc/23/l/0L0Sjeuxvideo0N0Cnews0C20A140C0A0A0A721250Earma0Een0Epromo0Esur0Esteam0Epour0Eles0E150Eans0Ede0Ebohemia0Bhtm/story01.htm'),
('D:UsersSimonDesktopProjet GitBDD\nss\nss_jvc.xml', 'http://rss.feedsportal.com/c/808/f/413796/s/3a7dcede/sc/23/l/0L0Sjeuxvideo0N0Cvideos0Eediteurs0C0A0A0A50C0A0A0A527470Cfreaking0Emeatbags0Epc0Eca0Eva0Eexploser0E0A0A120A60A80Bhtm/story01.htm'),
('D:UsersSimonDesktopProjet GitBDD\nss\nss_jvc.xml', 'http://rss.feedsportal.com/c/808/f/413796/s/3a7dcedf/sc/23/l/0L0Sjeuxvideo0N0Cnews0C20A140C0A0A0A721280Egears0Eof0Ewar0Esur0Eone0Etoujours0Eun0Eprototype0Bhtm/story01.htm'),
('D:UsersSimonDesktopProjet GitBDD\nss\nss_jvc.xml', 'http://rss.feedsportal.com/c/808/f/413796/s/3a7dcee0/sc/19/l/0L0Sjeuxvideo0N0Cnews0C20A140C0A0A0A721270Ece0Esoir0Esur0Ela0Eweb0Etv0Emister0Emv0Eaypierre0Ebill0Eet0Ethaek0Bhtm/story01.htm'),
('D:UsersSimonDesktopProjet GitBDD\nss\nss_jvc.xml', 'http://rss.feedsportal.com/c/808/f/413796/s/3a7df86e/sc/23/l/0L0Sjeuxvideo0N0Cnews0C20A140C0A0A0A72130A0Ehalo0E50Eguardians0Epour0Eautomne0E20A150Bhtm/story01.htm'),
('D:UsersSimonDesktopProjet GitBDD\nss\nss_korben.xml', 'http://feedproxy.google.com/~r/KorbensBlog-UpgradeYourMind/~3/165KQQLrQFw/monument-valley-test.html'),
('D:UsersSimonDesktopProjet GitBDD\nss\nss_korben.xml', 'http://feedproxy.google.com/~r/KorbensBlog-UpgradeYourMind/~3/1Zk87Po1e_U/glorious-leader.html'),
('D:UsersSimonDesktopProjet GitBDD\nss\nss_korben.xml', 'http://feedproxy.google.com/~r/KorbensBlog-UpgradeYourMind/~3/2IgtQdCF90E/lediteur-distraction-free-lauteur-game-of-thrones.html'),
('D:UsersSimonDesktopProjet GitBDD\nss\nss_korben.xml', 'http://feedproxy.google.com/~r/KorbensBlog-UpgradeYourMind/~3/2Ygow8pz6r0/warsow-petit-fps-freeware-quil-faut.html'),
('D:UsersSimonDesktopProjet GitBDD\nss\nss_korben.xml', 'http://feedproxy.google.com/~r/KorbensBlog-UpgradeYourMind/~3/3ImtY171d4I/octotree.html'),
('D:UsersSimonDesktopProjet GitBDD\nss\nss_korben.xml', 'http://feedproxy.google.com/~r/KorbensBlog-UpgradeYourMind/~3/5koQwbjrjR8/oinker-les-radioamateurs-envoyer-emails-les-ondes.html'),
('D:UsersSimonDesktopProjet GitBDD\nss\nss_korben.xml', 'http://feedproxy.google.com/~r/KorbensBlog-UpgradeYourMind/~3/5o7unSwgK04/the-flash-revient-nouvelle-serie.html'),
('D:UsersSimonDesktopProjet GitBDD\nss\nss_korben.xml', 'http://feedproxy.google.com/~r/KorbensBlog-UpgradeYourMind/~3/9KouzuyLzqY/hackathon-special-dsi-demain.html'),
('D:UsersSimonDesktopProjet GitBDD\nss\nss_korben.xml', 'http://feedproxy.google.com/~r/KorbensBlog-UpgradeYourMind/~3/CxnTvY5ID2c/scpp-totalement-ramasse.html'),
('D:UsersSimonDesktopProjet GitBDD\nss\nss_korben.xml', 'http://feedproxy.google.com/~r/KorbensBlog-UpgradeYourMind/~3/Fqf9QgkSl4o/nofilter-instagram-oh-vraiment.html'),
('D:UsersSimonDesktopProjet GitBDD\nss\nss_korben.xml', 'http://feedproxy.google.com/~r/KorbensBlog-UpgradeYourMind/~3/HyJxvVU9Jpw/firefox-29-classic-theme-restorer.html'),
('D:UsersSimonDesktopProjet GitBDD\nss\nss_korben.xml', 'http://feedproxy.google.com/~r/KorbensBlog-UpgradeYourMind/~3/IMYgL0M29ms/yahoo-news-digest.html'),
('D:UsersSimonDesktopProjet GitBDD\nss\nss_korben.xml', 'http://feedproxy.google.com/~r/KorbensBlog-UpgradeYourMind/~3/Ixn2fm24F5k/shellcheck.html'),
('D:UsersSimonDesktopProjet GitBDD\nss\nss_korben.xml', 'http://feedproxy.google.com/~r/KorbensBlog-UpgradeYourMind/~3/JtMmOhEJf4o/allez-courage-cest-bientot-les-vacances.html'),
('D:UsersSimonDesktopProjet GitBDD\nss\nss_korben.xml', 'http://feedproxy.google.com/~r/KorbensBlog-UpgradeYourMind/~3/KFeMO1WXYFY/spotify-chromecast.html'),
('D:UsersSimonDesktopProjet GitBDD\nss\nss_korben.xml', 'http://feedproxy.google.com/~r/KorbensBlog-UpgradeYourMind/~3/N3S5VVG46Jo/10-bidouilles-connaitre.html'),
('D:UsersSimonDesktopProjet GitBDD\nss\nss_korben.xml', 'http://feedproxy.google.com/~r/KorbensBlog-UpgradeYourMind/~3/N__srCWb01M/hopper-savoir-acheter-billet-davion.html'),
('D:UsersSimonDesktopProjet GitBDD\nss\nss_korben.xml', 'http://feedproxy.google.com/~r/KorbensBlog-UpgradeYourMind/~3/PWpi3s7D76U/prodigy.html'),
('D:UsersSimonDesktopProjet GitBDD\nss\nss_korben.xml', 'http://feedproxy.google.com/~r/KorbensBlog-UpgradeYourMind/~3/Q-w0h6g4bhY/savoir-les-licences-creative-commons-en-2-min.html'),
('D:UsersSimonDesktopProjet GitBDD\nss\nss_korben.xml', 'http://feedproxy.google.com/~r/KorbensBlog-UpgradeYourMind/~3/SziJMRKqsVc/android-popcorn-time.html'),
('D:UsersSimonDesktopProjet GitBDD\nss\nss_korben.xml', 'http://feedproxy.google.com/~r/KorbensBlog-UpgradeYourMind/~3/TozWvojGeHw/clones-disqus.html'),
('D:UsersSimonDesktopProjet GitBDD\nss\nss_korben.xml', 'http://feedproxy.google.com/~r/KorbensBlog-UpgradeYourMind/~3/Vxa12pDnBxk/comment-fabriquer-famille-simpsons-en-lego.html'),
('D:UsersSimonDesktopProjet GitBDD\nss\nss_korben.xml', 'http://feedproxy.google.com/~r/KorbensBlog-UpgradeYourMind/~3/YU1112ObXXQ/amazon-file-500-coins-acheter-applications-android.html'),
('D:UsersSimonDesktopProjet GitBDD\nss\nss_korben.xml', 'http://feedproxy.google.com/~r/KorbensBlog-UpgradeYourMind/~3/lLz0vwKoJeA/babun-enfin-vrai-terminal-windows.html'),
('D:UsersSimonDesktopProjet GitBDD\nss\nss_korben.xml', 'http://feedproxy.google.com/~r/KorbensBlog-UpgradeYourMind/~3/niH1w782DC4/jumpcut-multiple-copier-coller-osx.html'),
('D:UsersSimonDesktopProjet GitBDD\nss\nss_korben.xml', 'http://feedproxy.google.com/~r/KorbensBlog-UpgradeYourMind/~3/nojHXs_FFjw/syncthing.html'),
('D:UsersSimonDesktopProjet GitBDD\nss\nss_korben.xml', 'http://feedproxy.google.com/~r/KorbensBlog-UpgradeYourMind/~3/o_W91jWmdf0/drm-mozilla-pris-bonne-decision.html'),
('D:UsersSimonDesktopProjet GitBDD\nss\nss_korben.xml', 'http://feedproxy.google.com/~r/KorbensBlog-UpgradeYourMind/~3/omeffpCDk8Y/les-cosplays-calgary-expo-2014.html'),
('D:UsersSimonDesktopProjet GitBDD\nss\nss_korben.xml', 'http://feedproxy.google.com/~r/KorbensBlog-UpgradeYourMind/~3/u42y-HxMp4M/15-comics-batman-gagner-jolis-fonds-decran.html'),
('D:UsersSimonDesktopProjet GitBDD\nss\nss_korben.xml', 'http://feedproxy.google.com/~r/KorbensBlog-UpgradeYourMind/~3/urokiKBEviM/nuit-du-hack-2014-10-places-gagner.html'),
('D:UsersSimonDesktopProjet GitBDD\nss\nss_lalibre.xml', 'http://www.lalibre.be/actu/international/genocide-rwandais-les-commemorations-ont-commence-534279da3570d35ee3e8e835'),
('D:UsersSimonDesktopProjet GitBDD\nss\nss_lalibre.xml', 'http://www.lalibre.be/actu/international/rwanda-juppe-diable-dans-un-benitier-534192973570d35ee3e83d86'),
('D:UsersSimonDesktopProjet GitBDD\nss\nss_lalibre.xml', 'http://www.lalibre.be/culture/cinema/dix-raisons-de-se-souvenir-de-mickey-rooney-534280003570aae038afda0a'),
('D:UsersSimonDesktopProjet GitBDD\nss\nss_lalibre.xml', 'http://www.lalibre.be/culture/livres/quand-gandhi-aimait-un-homme-533d642c3570aae038acd3a6'),
('D:UsersSimonDesktopProjet GitBDD\nss\nss_lalibre.xml', 'http://www.lalibre.be/culture/medias-tele/pour-une-fois-que-ce-n-est-pas-le-front-national-qui-parle-ici-53425eb93570d35ee3e8d365'),
('D:UsersSimonDesktopProjet GitBDD\nss\nss_lalibre.xml', 'http://www.lalibre.be/culture/politique/la-flandre-cogite-sur-l-avenir-des-musees-534241fa3570aae038afae34'),
('D:UsersSimonDesktopProjet GitBDD\nss\nss_lalibre.xml', 'http://www.lalibre.be/debats/opinions/branle-bas-de-combat-a-paris-53425f003570aae038afc49e'),
('D:UsersSimonDesktopProjet GitBDD\nss\nss_lalibre.xml', 'http://www.lalibre.be/lifestyle/psycho/mediter-au-bureau-pour-lutter-contre-le-stress-53426c0c3570d35ee3e8d3f7'),
('D:UsersSimonDesktopProjet GitBDD\nss\nss_lalibre.xml', 'http://www.lalibre.be/light/insolite/une-sportive-heurtee-a-la-tete-par-un-drone-534278983570aae038afd9de'),
('D:UsersSimonDesktopProjet GitBDD\nss\nss_lesoirmonde.xml', 'http://www.lesoir.be/513348/article/actualite/monde/2014-04-04/orban-promis-un-nouveau-sacre'),
('D:UsersSimonDesktopProjet GitBDD\nss\nss_lesoirmonde.xml', 'http://www.lesoir.be/513603/article/actualite/monde/2014-04-05/defiant-talibans-afghans-ont-vote-en-masse'),
('D:UsersSimonDesktopProjet GitBDD\nss\nss_lesoirmonde.xml', 'http://www.lesoir.be/513694/article/actualite/monde/2014-04-05/fin-greve-chez-lufthansa-trafic-aerien-revient-normale-en-allemagne'),
('D:UsersSimonDesktopProjet GitBDD\nss\nss_lesoirmonde.xml', 'http://www.lesoir.be/513709/article/actualite/fil-info/fil-info-monde/2014-04-05/turquie-blocage-youtube-reste-en-place'),
('D:UsersSimonDesktopProjet GitBDD\nss\nss_lesoirmonde.xml', 'http://www.lesoir.be/513737/article/actualite/monde/2014-04-05/eva-braun-l-epouse-hitler-aurait-des-origines-juives'),
('D:UsersSimonDesktopProjet GitBDD\nss\nss_lesoirmonde.xml', 'http://www.lesoir.be/513744/article/actualite/monde/2014-04-05/boeing-disparu-un-detecteur-boite-noire-repere-un-signal'),
('D:UsersSimonDesktopProjet GitBDD\nss\nss_lesoirmonde.xml', 'http://www.lesoir.be/513753/article/actualite/monde/rwanda-1994-2014/2014-04-05/kagame-evoque-role-des-francais-et-belges-dans-preparation-politique-'),
('D:UsersSimonDesktopProjet GitBDD\nss\nss_lesoirmonde.xml', 'http://www.lesoir.be/513786/article/actualite/monde/2014-04-05/neuf-mois-il-est-accuse-tentative-meurtre-video'),
('D:UsersSimonDesktopProjet GitBDD\nss\nss_lesoirmonde.xml', 'http://www.lesoir.be/514029/article/actualite/monde/2014-04-06/boeing-disparu-un-deuxieme-signal-boite-noire-detecte'),
('D:UsersSimonDesktopProjet GitBDD\nss\nss_lesoirmonde.xml', 'http://www.lesoir.be/514159/article/actualite/monde/2014-04-06/presidentielle-afghane-un-camion-bulletins-vote-detruit'),
('D:UsersSimonDesktopProjet GitBDD\nss\nss_lesoirmonde.xml', 'http://www.lesoir.be/514187/article/actualite/fil-info/fil-info-monde/2014-04-06/ukraine-des-manifestants-pro-russes-envahissent-siege-l-administrati'),
('D:UsersSimonDesktopProjet GitBDD\nss\nss_lesoirmonde.xml', 'http://www.lesoir.be/514194/article/actualite/monde/2014-04-06/kicukiro-se-souvient-l-abandon-des-casques-bleus-belges'),
('D:UsersSimonDesktopProjet GitBDD\nss\nss_lesoirmonde.xml', 'http://www.lesoir.be/514303/article/actualite/monde/rwanda-1994-2014/2014-04-06/france-participera-aux-commemorations-du-genocide-rwandais-lundi'),
('D:UsersSimonDesktopProjet GitBDD\nss\nss_lesoirmonde.xml', 'http://www.lesoir.be/514345/article/actualite/monde/rwanda-1994-2014/2014-04-06/belgique-maintient-sa-delegation-kigali'),
('D:UsersSimonDesktopProjet GitBDD\nss\nss_lesoirmonde.xml', 'http://www.lesoir.be/514362/article/actualite/monde/2014-04-06/parti-viktor-orban-en-tete-des-elections-en-hongrie'),
('D:UsersSimonDesktopProjet GitBDD\nss\nss_lesoirmonde.xml', 'http://www.lesoir.be/514421/article/actualite/monde/2014-04-07/boeing-disparu-nouveaux-signaux-detectes-dans-l-ocean-indien'),
('D:UsersSimonDesktopProjet GitBDD\nss\nss_lesoirmonde.xml', 'http://www.lesoir.be/514445/article/actualite/monde/2014-04-07/814-millions-d-electeurs-appeles-aux-urnes-en-inde'),
('D:UsersSimonDesktopProjet GitBDD\nss\nss_lesoirmonde.xml', 'http://www.lesoir.be/514490/article/actualite/monde/2014-04-07/l-aquila-renaitra-peut-etre-en…-2021'),
('D:UsersSimonDesktopProjet GitBDD\nss\nss_lesoirmonde.xml', 'http://www.lesoir.be/514500/article/actualite/monde/2014-04-07/obama-mission-accomplie'),
('D:UsersSimonDesktopProjet GitBDD\nss\nss_lesoirmonde.xml', 'http://www.lesoir.be/514503/article/actualite/monde/2014-04-07/ukraine-des-pro-russes-proclament-une-republique-independante-donetsk'),
('D:UsersSimonDesktopProjet GitBDD\nss\nss_tomshardware.xml', 'http://www.tomshardware.fr/articles/4g-orange-bouygues,1-47294.html#xtor=RSS-100'),
('D:UsersSimonDesktopProjet GitBDD\nss\nss_tomshardware.xml', 'http://www.tomshardware.fr/articles/adata-sp920-ssd-marvell,1-47307.html#xtor=RSS-100'),
('D:UsersSimonDesktopProjet GitBDD\nss\nss_tomshardware.xml', 'http://www.tomshardware.fr/articles/amd-radeon,1-47279.html#xtor=RSS-100'),
('D:UsersSimonDesktopProjet GitBDD\nss\nss_tomshardware.xml', 'http://www.tomshardware.fr/articles/amd-radeon-r5-230-caicos,1-47330.html#xtor=RSS-100'),
('D:UsersSimonDesktopProjet GitBDD\nss\nss_tomshardware.xml', 'http://www.tomshardware.fr/articles/android-kitkat,1-47293.html#xtor=RSS-100'),
('D:UsersSimonDesktopProjet GitBDD\nss\nss_tomshardware.xml', 'http://www.tomshardware.fr/articles/bouygues-numericable-sfr,1-47319.html#xtor=RSS-100'),
('D:UsersSimonDesktopProjet GitBDD\nss\nss_tomshardware.xml', 'http://www.tomshardware.fr/articles/chromebook,1-47295.html#xtor=RSS-100'),
('D:UsersSimonDesktopProjet GitBDD\nss\nss_tomshardware.xml', 'http://www.tomshardware.fr/articles/cmstorm-triggerz-kingston-hyperx-beast,1-47306.html#xtor=RSS-100'),
('D:UsersSimonDesktopProjet GitBDD\nss\nss_tomshardware.xml', 'http://www.tomshardware.fr/articles/comparatif-cartes-graphiques,1-47281.html#xtor=RSS-100'),
('D:UsersSimonDesktopProjet GitBDD\nss\nss_tomshardware.xml', 'http://www.tomshardware.fr/articles/dell-durci,1-47296.html#xtor=RSS-100'),
('D:UsersSimonDesktopProjet GitBDD\nss\nss_tomshardware.xml', 'http://www.tomshardware.fr/articles/dual-boot-ios6-ios7,1-47280.html#xtor=RSS-100'),
('D:UsersSimonDesktopProjet GitBDD\nss\nss_tomshardware.xml', 'http://www.tomshardware.fr/articles/finfet-turbo-tsmc,1-47269.html#xtor=RSS-100'),
('D:UsersSimonDesktopProjet GitBDD\nss\nss_tomshardware.xml', 'http://www.tomshardware.fr/articles/glass-trademark,1-47324.html#xtor=RSS-100'),
('D:UsersSimonDesktopProjet GitBDD\nss\nss_tomshardware.xml', 'http://www.tomshardware.fr/articles/hi-4g-orange,1-47328.html#xtor=RSS-100'),
('D:UsersSimonDesktopProjet GitBDD\nss\nss_tomshardware.xml', 'http://www.tomshardware.fr/articles/ibm-globalfoundries-rachat,1-47322.html#xtor=RSS-100'),
('D:UsersSimonDesktopProjet GitBDD\nss\nss_tomshardware.xml', 'http://www.tomshardware.fr/articles/ibm-serveurs-lenovo-usa,1-47325.html#xtor=RSS-100'),
('D:UsersSimonDesktopProjet GitBDD\nss\nss_tomshardware.xml', 'http://www.tomshardware.fr/articles/intel-braswell-cherry-trail-atom,1-47317.html#xtor=RSS-100'),
('D:UsersSimonDesktopProjet GitBDD\nss\nss_tomshardware.xml', 'http://www.tomshardware.fr/articles/intel-core-i5-4460t-haswell,1-47286.html#xtor=RSS-100'),
('D:UsersSimonDesktopProjet GitBDD\nss\nss_tomshardware.xml', 'http://www.tomshardware.fr/articles/ipad-office,1-47323.html#xtor=RSS-100'),
('D:UsersSimonDesktopProjet GitBDD\nss\nss_tomshardware.xml', 'http://www.tomshardware.fr/articles/iphone6,1-47272.html#xtor=RSS-100'),
('D:UsersSimonDesktopProjet GitBDD\nss\nss_tomshardware.xml', 'http://www.tomshardware.fr/articles/lacie-thunderbolt,1-47263.html#xtor=RSS-100'),
('D:UsersSimonDesktopProjet GitBDD\nss\nss_tomshardware.xml', 'http://www.tomshardware.fr/articles/lumia-930-windows-phone-8.1,1-47301.html#xtor=RSS-100'),
('D:UsersSimonDesktopProjet GitBDD\nss\nss_tomshardware.xml', 'http://www.tomshardware.fr/articles/msi-b85,1-47292.html#xtor=RSS-100'),
('D:UsersSimonDesktopProjet GitBDD\nss\nss_tomshardware.xml', 'http://www.tomshardware.fr/articles/newton-mips-oit,1-47285.html#xtor=RSS-100'),
('D:UsersSimonDesktopProjet GitBDD\nss\nss_tomshardware.xml', 'http://www.tomshardware.fr/articles/nom-origine-high-tech-technologie,1-47291.html#xtor=RSS-100'),
('D:UsersSimonDesktopProjet GitBDD\nss\nss_tomshardware.xml', 'http://www.tomshardware.fr/articles/open-source-winjs,1-47299.html#xtor=RSS-100'),
('D:UsersSimonDesktopProjet GitBDD\nss\nss_tomshardware.xml', 'http://www.tomshardware.fr/articles/pholed-galaxy-s5,1-47312.html#xtor=RSS-100'),
('D:UsersSimonDesktopProjet GitBDD\nss\nss_tomshardware.xml', 'http://www.tomshardware.fr/articles/raijintek-pallas-roccat-ryos-strike-x,1-47334.html#xtor=RSS-100'),
('D:UsersSimonDesktopProjet GitBDD\nss\nss_tomshardware.xml', 'http://www.tomshardware.fr/articles/roaming-europe,1-47310.html#xtor=RSS-100'),
('D:UsersSimonDesktopProjet GitBDD\nss\nss_tomshardware.xml', 'http://www.tomshardware.fr/articles/samsung-galaxy-processeur,1-47284.html#xtor=RSS-100'),
('D:UsersSimonDesktopProjet GitBDD\nss\nss_tomshardware.xml', 'http://www.tomshardware.fr/articles/sfr-altice-numericable,1-47326.html#xtor=RSS-100'),
('D:UsersSimonDesktopProjet GitBDD\nss\nss_tomshardware.xml', 'http://www.tomshardware.fr/articles/silencio-652s-almaz-sfx-st30sf,1-47314.html#xtor=RSS-100'),
('D:UsersSimonDesktopProjet GitBDD\nss\nss_tomshardware.xml', 'http://www.tomshardware.fr/articles/sofia-atom,1-47303.html#xtor=RSS-100'),
('D:UsersSimonDesktopProjet GitBDD\nss\nss_tomshardware.xml', 'http://www.tomshardware.fr/articles/synthese-graphene-samsung,1-47318.html#xtor=RSS-100'),
('D:UsersSimonDesktopProjet GitBDD\nss\nss_tomshardware.xml', 'http://www.tomshardware.fr/articles/tegra-k1-directx-12,1-47311.html#xtor=RSS-100'),
('D:UsersSimonDesktopProjet GitBDD\nss\nss_tomshardware.xml', 'http://www.tomshardware.fr/articles/thermolab-itx30-asus-hero,1-47288.html#xtor=RSS-100'),
('D:UsersSimonDesktopProjet GitBDD\nss\nss_tomshardware.xml', 'http://www.tomshardware.fr/articles/usb3-reversible,1-47297.html#xtor=RSS-100'),
('D:UsersSimonDesktopProjet GitBDD\nss\nss_tomshardware.xml', 'http://www.tomshardware.fr/articles/webos-hp-proces,1-47282.html#xtor=RSS-100'),
('D:UsersSimonDesktopProjet GitBDD\nss\nss_tomshardware.xml', 'http://www.tomshardware.fr/articles/wifi-11ac-qualcomm,1-47309.html#xtor=RSS-100'),
('D:UsersSimonDesktopProjet GitBDD\nss\nss_tomshardware.xml', 'http://www.tomshardware.fr/articles/wifi-5ghz,1-47304.html#xtor=RSS-100'),
('D:UsersSimonDesktopProjet GitBDD\nss\nss_tomshardware.xml', 'http://www.tomshardware.fr/articles/windows-8.1-menu-demarrer,1-47302.html#xtor=RSS-100'),
('D:UsersSimonDesktopProjet GitBDD\nss\nss_tomshardware.xml', 'http://www.tomshardware.fr/articles/windows-8.1-update,1-47321.html#xtor=RSS-100'),
('D:UsersSimonDesktopProjet GitBDD\nss\nss_tomshardware.xml', 'http://www.tomshardware.fr/articles/windows-8.1-update,5-233.html#xtor=RSS-100'),
('D:UsersSimonDesktopProjet GitBDD\nss\nss_tomshardware.xml', 'http://www.tomshardware.fr/articles/windows-gratuit,1-47305.html#xtor=RSS-100'),
('D:UsersSimonDesktopProjet GitBDD\nss\nss_tomshardware.xml', 'http://www.tomshardware.fr/articles/windows-phone-8.1-windows-update1,1-47298.html#xtor=RSS-100'),
('D:UsersSimonDesktopProjet GitBDD\nss\nss_tomshardware.xml', 'http://www.tomshardware.fr/articles/windows-xbox-one,1-47300.html#xtor=RSS-100'),
('D:UsersSimonDesktopProjet GitBDD\nss\nss_tomshardware.xml', 'http://www.tomshardware.fr/articles/windows-xp,1-47290.html#xtor=RSS-100'),
('D:UsersSimonDesktopProjet GitBDD\nss\nss_tomshardware.xml', 'http://www.tomshardware.fr/articles/windows-xp,5-227.html#xtor=RSS-100'),
('D:UsersSimonDesktopProjet GitBDD\nss\nss_tomshardware.xml', 'http://www.tomshardware.fr/articles/windows-xp-eol,1-47313.html#xtor=RSS-100'),
('D:UsersSimonDesktopProjet GitBDD\nss\nss_tomshardware.xml', 'http://www.tomshardware.fr/articles/xbox-one-ps4-ventes,1-47283.html#xtor=RSS-100'),
('D:UsersSimonDesktopProjet GitBDD\nss\nss_ulb.xml', 'http://web2.ulb.ac.be/actulb/index.php?article=5422'),
('D:UsersSimonDesktopProjet GitBDD\nss\nss_ulb.xml', 'http://web2.ulb.ac.be/actulb/index.php?article=5799'),
('D:UsersSimonDesktopProjet GitBDD\nss\nss_ulb.xml', 'http://web2.ulb.ac.be/actulb/index.php?article=5829'),
('D:UsersSimonDesktopProjet GitBDD\nss\nss_ulb.xml', 'http://web2.ulb.ac.be/actulb/index.php?article=5881'),
('D:UsersSimonDesktopProjet GitBDD\nss\nss_ulb.xml', 'http://web2.ulb.ac.be/actulb/index.php?article=5882'),
('D:UsersSimonDesktopProjet GitBDD\nss\nss_ulb.xml', 'http://web2.ulb.ac.be/actulb/index.php?article=5925'),
('D:UsersSimonDesktopProjet GitBDD\nss\nss_ulb.xml', 'http://web2.ulb.ac.be/actulb/index.php?article=5928'),
('D:UsersSimonDesktopProjet GitBDD\nss\nss_ulb.xml', 'http://web2.ulb.ac.be/actulb/index.php?article=5932'),
('D:UsersSimonDesktopProjet GitBDD\nss\nss_ulb.xml', 'http://web2.ulb.ac.be/actulb/index.php?article=5933'),
('D:UsersSimonDesktopProjet GitBDD\nss\nss_ulb.xml', 'http://web2.ulb.ac.be/actulb/index.php?article=5934'),
('D:UsersSimonDesktopProjet GitBDD\nss\nss_ulb.xml', 'http://web2.ulb.ac.be/actulb/index.php?article=5935'),
('D:UsersSimonDesktopProjet GitBDD\nss\nss_ulb.xml', 'http://web2.ulb.ac.be/actulb/index.php?article=5936'),
('D:UsersSimonDesktopProjet GitBDD\nss\nss_ulb.xml', 'http://web2.ulb.ac.be/actulb/index.php?article=5949'),
('D:UsersSimonDesktopProjet GitBDD\nss\nss_ulb.xml', 'http://web2.ulb.ac.be/actulb/index.php?article=5950'),
('D:UsersSimonDesktopProjet GitBDD\nss\nss_ulb.xml', 'http://web2.ulb.ac.be/actulb/index.php?article=5952'),
('D:UsersSimonDesktopProjet GitBDD\nss\nss_ulb.xml', 'http://web2.ulb.ac.be/actulb/index.php?article=5953'),
('D:UsersSimonDesktopProjet GitBDD\nss\nss_ulb.xml', 'http://web2.ulb.ac.be/actulb/index.php?article=5954'),
('D:UsersSimonDesktopProjet GitBDD\nss\nss_ulb.xml', 'http://web2.ulb.ac.be/actulb/index.php?article=5955'),
('D:UsersSimonDesktopProjet GitBDD\nss\nss_ulb.xml', 'http://web2.ulb.ac.be/actulb/index.php?article=5956'),
('D:UsersSimonDesktopProjet GitBDD\nss\nss_ulb.xml', 'http://web2.ulb.ac.be/actulb/index.php?article=5957'),
('D:UsersSimonDesktopProjet GitBDD\nss\nss_xkcd.xml', 'http://xkcd.com/1349/'),
('D:UsersSimonDesktopProjet GitBDD\nss\nss_xkcd.xml', 'http://xkcd.com/1350/'),
('D:UsersSimonDesktopProjet GitBDD\nss\nss_xkcd.xml', 'http://xkcd.com/1351/'),
('D:UsersSimonDesktopProjet GitBDD\nss\nss_xkcd.xml', 'http://xkcd.com/1352/'),
('feed://Aneth@gmail.com', 'http://www.dhnet.be/conso/pourelle/l-arme-secrete-de-la-confiance-en-soi-534260cb3570d35ee3e8d36c'),
('feed://Aneth@gmail.com', 'http://www.dhnet.be/sports/football/division1/teklak-luzon-n-a-pas-trouve-de-reponse-tactique-5341bab03570aae038af6839'),
('feed://Anyavriel@gmail.com', 'http://web2.ulb.ac.be/actulb/index.php?article=5829'),
('feed://Anyavriel@gmail.com', 'http://www.tomshardware.fr/articles/dell-durci,1-47296.html#xtor=RSS-100'),
('feed://Borlur@gmail.com', 'http://feedproxy.google.com/~r/KorbensBlog-UpgradeYourMind/~3/1Zk87Po1e_U/glorious-leader.html'),
('feed://Borlur@gmail.com', 'http://feedproxy.google.com/~r/KorbensBlog-UpgradeYourMind/~3/5o7unSwgK04/the-flash-revient-nouvelle-serie.html'),
('feed://Borlur@gmail.com', 'http://feedproxy.google.com/~r/KorbensBlog-UpgradeYourMind/~3/niH1w782DC4/jumpcut-multiple-copier-coller-osx.html'),
('feed://Borlur@gmail.com', 'http://rss.feedsportal.com/c/808/f/413796/s/3a76278b/sc/37/l/0L0Sjeuxvideo0N0Cnews0C20A140C0A0A0A7210A60Ecounter0Estrike0Een0Etotale0Evr0Eca0Edonne0Equoi0Bhtm/story01.htm'),
('feed://Borlur@gmail.com', 'http://rss.feedsportal.com/c/808/f/413796/s/3a7df86e/sc/23/l/0L0Sjeuxvideo0N0Cnews0C20A140C0A0A0A72130A0Ehalo0E50Eguardians0Epour0Eautomne0E20A150Bhtm/story01.htm'),
('feed://Borlur@gmail.com', 'http://www.dhnet.be/people-buzz/familles-royales/albert-n-aurait-pas-rendu-visite-a-laurent-534259803570aae038afc410'),
('feed://Borlur@gmail.com', 'http://www.frandroid.com/marques/samsung/216857_galaxy-gear-samsung-va-passer-dandroid-tizen-via-mise-jour'),
('feed://Borlur@gmail.com', 'http://www.lesoir.be/514421/article/actualite/monde/2014-04-07/boeing-disparu-nouveaux-signaux-detectes-dans-l-ocean-indien'),
('feed://Cirdothaur@gmail.com', 'http://feedproxy.google.com/~r/KorbensBlog-UpgradeYourMind/~3/lLz0vwKoJeA/babun-enfin-vrai-terminal-windows.html'),
('feed://Cirdothaur@gmail.com', 'http://www.frandroid.com/marques/motorola/216656_prise-en-main-du-motorola-moto-e'),
('feed://Cirdothaur@gmail.com', 'http://www.tomshardware.fr/articles/dual-boot-ios6-ios7,1-47280.html#xtor=RSS-100'),
('feed://Darrogsenae@gmail.com', 'http://feedproxy.google.com/~r/KorbensBlog-UpgradeYourMind/~3/165KQQLrQFw/monument-valley-test.html'),
('feed://Darrogsenae@gmail.com', 'http://feedproxy.google.com/~r/KorbensBlog-UpgradeYourMind/~3/SziJMRKqsVc/android-popcorn-time.html'),
('feed://Darrogsenae@gmail.com', 'http://www.lalibre.be/culture/medias-tele/pour-une-fois-que-ce-n-est-pas-le-front-national-qui-parle-ici-53425eb93570d35ee3e8d365'),
('feed://Dorlieneor@gmail.com', 'http://rss.feedsportal.com/c/808/f/413796/s/3a76278b/sc/37/l/0L0Sjeuxvideo0N0Cnews0C20A140C0A0A0A7210A60Ecounter0Estrike0Een0Etotale0Evr0Eca0Edonne0Equoi0Bhtm/story01.htm'),
('feed://Dorlieneor@gmail.com', 'http://www.dhnet.be/sports/tennis/atp-houston-ruben-bemelmans-a-une-victoire-du-tableau-final-534252983570d35ee3e8d2e8'),
('feed://Folrin@gmail.com', 'http://www.dhnet.be/sports/football/division1/olivier-deschacht-gagnons-en-deplacement-apres-on-parlera-du-titre-5341c24e3570d35ee3e86814'),
('feed://Folrin@gmail.com', 'http://www.dhnet.be/sports/football/mercato/mourinho-voudrait-voir-courtois-titulaire-a-chelsea-53426bfa3570aae038afd818'),
('feed://Gasithfar@gmail.com', 'http://www.dhnet.be/people-buzz/sports/une-sportive-heurtee-a-la-tete-par-un-drone-534266c73570aae038afd7ed'),
('feed://Gasithfar@gmail.com', 'http://www.dhnet.be/sports/football/diablesrouges/casteels-forfait-qui-sera-notre-3e-gardien-au-bresil-53424f7a3570d35ee3e8d2bb'),
('feed://Gasithfar@gmail.com', 'http://www.dhnet.be/sports/tennis/wta-charleston-victoire-de-l-allemande-andrea-petkovic-5341a2f53570d35ee3e852ab'),
('feed://Gasithfar@gmail.com', 'http://www.frandroid.com/0-android/operateurs/217104_orange-achetait-bouygues-telecom'),
('feed://Gonmith@gmail.com', 'http://www.dhnet.be/sports/football/division2/eupen/l-alliance-renoue-avec-le-succes-4-0-5341a0613570d35ee3e85274'),
('feed://Gothdor@gmail.com', 'http://www.dhnet.be/actu/sante/cancer-du-cerveau-chez-l-enfant-de-nouvelles-pistes-therapeutiques-5341a9933570d35ee3e85317'),
('feed://Gothdor@gmail.com', 'http://www.dhnet.be/sports/football/diablesrouges/vanden-borre-a-gagne-son-duel-a-distance-5341afd83570d35ee3e85347'),
('feed://Gothdor@gmail.com', 'http://www.lalibre.be/culture/cinema/dix-raisons-de-se-souvenir-de-mickey-rooney-534280003570aae038afda0a'),
('feed://Gothdor@gmail.com', 'http://www.tomshardware.fr/articles/newton-mips-oit,1-47285.html#xtor=RSS-100'),
('feed://Gothdor@gmail.com', 'http://www.tomshardware.fr/articles/thermolab-itx30-asus-hero,1-47288.html#xtor=RSS-100'),
('feed://Halmorre@gmail.com', 'http://www.dhnet.be/sports/football/diablesrouges/proto-tant-mieux-pour-moi-si-wilmots-m-appelle-5341d0273570d35ee3e86835'),
('feed://Honranre@gmail.com', 'http://www.frandroid.com/tablette/216879_xiaomi-devoile-tablette-mi-pad-tegra-k1-batterie-6700-mah'),
('feed://Honranre@gmail.com', 'http://www.tomshardware.fr/articles/finfet-turbo-tsmc,1-47269.html#xtor=RSS-100'),
('feed://Honranre@gmail.com', 'http://www.tomshardware.fr/articles/newton-mips-oit,1-47285.html#xtor=RSS-100');
INSERT INTO `contain` (`feed_url`, `publication_url`) VALUES
('feed://Iathbel@gmail.com', 'http://rss.feedsportal.com/c/808/f/413796/s/3a7df86e/sc/23/l/0L0Sjeuxvideo0N0Cnews0C20A140C0A0A0A72130A0Ehalo0E50Eguardians0Epour0Eautomne0E20A150Bhtm/story01.htm'),
('feed://Iathbel@gmail.com', 'http://www.dhnet.be/sports/tennis/wta-facile-victoire-d-ana-ivanovic-a-monterrey-53423c243570d35ee3e8ba7d'),
('feed://Iathrilkim@gmail.com', 'http://rss.feedsportal.com/c/808/f/413796/s/3a7554a3/sc/23/l/0L0Sjeuxvideo0N0Carticles0C0A0A0A10C0A0A0A196110Ethe0Ewalking0Edead0Esaison0E20Eepisode0E30Ein0Eharm0Es0Eway0Etest0Bhtm/story01.htm'),
('feed://Iathrilkim@gmail.com', 'http://rss.feedsportal.com/c/808/f/413796/s/3a7845d7/sc/27/l/0L0Sjeuxvideo0N0Cnews0C20A140C0A0A0A721140Eultra0Estreet0Efighter0E40Edates0Eet0Eprix0Bhtm/story01.htm'),
('feed://Iathrilkim@gmail.com', 'http://www.dhnet.be/conso/consommation/pieces-de-1-et-2-cents-supprimees-les-supermarches-n-arrondiront-pas-les-tickets-de-caisse-534275d53570aae038afd9ca'),
('feed://Ionhimbil@gmail.com', 'http://www.dhnet.be/actu/monde/il-traverse-la-seine-sur-un-fil-a-25-metres-de-hauteur-5341a1f23570aae038af52ed'),
('feed://Ionhimbil@gmail.com', 'http://www.dhnet.be/sports/football/division2/eupen/l-alliance-renoue-avec-le-succes-4-0-5341a0613570d35ee3e85274'),
('feed://Kimvielsyl@gmail.com', 'http://www.dhnet.be/actu/monde/vol-mh370-l-australie-annonce-la-detection-de-nouveaux-signaux-53422ee93570aae038af9870'),
('feed://Mantoldain@gmail.com', 'http://www.dhnet.be/actu/monde/elections-hongroises-viktor-orban-en-tete-devant-la-gauche-53419e023570aae038af52bd'),
('feed://Minaurman@gmail.com', 'http://www.dhnet.be/sports/football/vadis-s-enerve-sur-un-cameraman-534276273570aae038afd9cb'),
('feed://Obbareor@gmail.com', 'http://www.dhnet.be/sports/tennis/wta-charleston-victoire-de-l-allemande-andrea-petkovic-5341b2e93570d35ee3e8535b'),
('feed://Quendbethque@gmail.com', 'http://www.dhnet.be/actu/faits/trois-corps-repeches-dans-le-canal-a-ham-apres-un-accident-de-voiture-534274b53570d35ee3e8e80b'),
('feed://Quendbethque@gmail.com', 'http://www.dhnet.be/actu/faits/un-belge-de-23-ans-decede-dans-une-prison-equatorienne-53422bf23570d35ee3e8b9fb'),
('feed://Ranfalmalre@gmail.com', 'http://www.dhnet.be/sports/hockey/le-well-a-nouveau-au-sommet-534196af3570aae038af5282'),
('feed://Sarunbeor@gmail.com', 'http://feedproxy.google.com/~r/KorbensBlog-UpgradeYourMind/~3/1Zk87Po1e_U/glorious-leader.html'),
('feed://Simheling@gmail.com', 'http://rss.feedsportal.com/c/808/f/413796/s/3a727a9a/sc/27/l/0L0Sjeuxvideo0N0Cnews0C20A140C0A0A0A720A990Ephilips0Eattaque0Enintendo0Een0Ejustice0Bhtm/story01.htm'),
('feed://Simheling@gmail.com', 'http://www.frandroid.com/0-android/operateurs/217109_free-mobile-maintient-croissance-atteint-86-millions-clients'),
('feed://Terindil@gmail.com', 'http://www.lesoir.be/514194/article/actualite/monde/2014-04-06/kicukiro-se-souvient-l-abandon-des-casques-bleus-belges'),
('feed://Theodhal@gmail.com', 'http://www.lalibre.be/culture/politique/la-flandre-cogite-sur-l-avenir-des-musees-534241fa3570aae038afae34'),
('feed://Vanam@gmail.com', 'http://feedproxy.google.com/~r/KorbensBlog-UpgradeYourMind/~3/HyJxvVU9Jpw/firefox-29-classic-theme-restorer.html'),
('feed://Vanam@gmail.com', 'http://rss.feedsportal.com/c/808/f/413796/s/3a7918bd/sc/23/l/0L0Sjeuxvideo0N0Cnews0C20A140C0A0A0A721160Enintendo0Eles0Etelechargements0Ede0Ela0Esemaine0Bhtm/story01.htm'),
('feed://Vanam@gmail.com', 'http://rss.feedsportal.com/c/808/f/413796/s/3a7df86e/sc/23/l/0L0Sjeuxvideo0N0Cnews0C20A140C0A0A0A72130A0Ehalo0E50Eguardians0Epour0Eautomne0E20A150Bhtm/story01.htm'),
('feed://Vanam@gmail.com', 'http://www.dhnet.be/actu/faits/france-un-adolescent-inculpe-pour-le-meurtre-d-une-fillette-5341c5683570aae038af7cd4'),
('feed://Vanam@gmail.com', 'http://www.frandroid.com/applications/jeux-android-applications/216854_flappy-bird-reviendra-en-aout-en-multijoueur'),
('feed://Vienellim@gmail.com', 'http://www.lalibre.be/actu/international/rwanda-juppe-diable-dans-un-benitier-534192973570d35ee3e83d86'),
('feed://Vienellim@gmail.com', 'http://www.lesoir.be/513348/article/actualite/monde/2014-04-04/orban-promis-un-nouveau-sacre'),
('feed://Vienling@gmail.com', 'http://www.dhnet.be/medias/cinema/deces-de-l-acteur-americain-mickey-rooney-5342311f3570aae038af9884'),
('feed://Vienling@gmail.com', 'http://www.dhnet.be/sports/tennis/barrages-pour-le-groupe-mondial-la-belgique-tete-de-serie-en-coupe-davis-53427b943570d35ee3e8e841');

-- --------------------------------------------------------

--
-- Structure de la table `feed`
--

CREATE TABLE IF NOT EXISTS `feed` (
  `url` varchar(200) COLLATE utf8_bin NOT NULL,
  `title` varchar(500) COLLATE utf8_bin NOT NULL,
  `link` varchar(500) COLLATE utf8_bin NOT NULL,
  `description` text COLLATE utf8_bin NOT NULL,
  `image` varchar(500) COLLATE utf8_bin DEFAULT NULL,
  PRIMARY KEY (`url`)
) ENGINE=InnoDB DEFAULT CHARSET=utf8 COLLATE=utf8_bin;

--
-- Contenu de la table `feed`
--

INSERT INTO `feed` (`url`, `title`, `link`, `description`, `image`) VALUES
('D:UsersSimonDesktopProjet GitBDD\nss\nss_dh.xml', 'DH.be - La Une', 'http://www.dhnet.be/', 'La Une sur DH.be', 'http://r.ldh.be/frontend/dh/img/logoRss.png'),
('D:UsersSimonDesktopProjet GitBDD\nss\nss_jdg.xml', 'FrAndroid', 'http://www.frandroid.com', 'Communauté mobile Android', 'file:////D://Users//Simon//Desktop//Projet Git//BDD//src//javafx//icons//rss_icon.png'),
('D:UsersSimonDesktopProjet GitBDD\nss\nss_jvc.xml', 'JeuxVideo.com', 'http://www.jeuxvideo.com/', 'La Référence de Jeux Vidéo PC et Consoles -', 'http://image.jeuxvideo.com/pics/rsslogo.gif'),
('D:UsersSimonDesktopProjet GitBDD\nss\nss_korben.xml', 'Korben', 'http://korben.info', 'Upgrade your mind', 'http://creativecommons.org/images/public/somerights20.gif'),
('D:UsersSimonDesktopProjet GitBDD\nss\nss_lalibre.xml', 'Lalibre.be - La Une', 'http://www.lalibre.be/', 'La Une sur Lalibre.be', 'http://r.llb.be/frontend/llb/img/logoRss.png'),
('D:UsersSimonDesktopProjet GitBDD\nss\nss_lesoirmonde.xml', 'Monde - www.lesoir.be', 'http://www.lesoir.be/feed/10/destination_principale_block', 'Flux d&apos;informations de la catégorie monde du site www.lesoir.be', 'file:////D://Users//Simon//Desktop//Projet Git//BDD//src//javafx//icons//rss_icon.png'),
('D:UsersSimonDesktopProjet GitBDD\nss\nss_tomshardware.xml', 'Tom&apos;s Hardware', 'http://www.presence-pc.com', 'Tom&apos;s Hardware', 'http://m.bestofmedia.com/i/bestofmicro/design/groupe/logo_toms_fr.jpg'),
('D:UsersSimonDesktopProjet GitBDD\nss\nss_ulb.xml', 'ACT&apos;ULB', 'NaN', 'ACT&apos;ULB feed', 'file:////D://Users//Simon//Desktop//Projet Git//BDD//src//javafx//icons//rss_icon.png'),
('D:UsersSimonDesktopProjet GitBDD\nss\nss_xkcd.xml', 'xkcd.com', 'http://xkcd.com/', 'xkcd.com: A webcomic of romance and math humor.', 'file:////D://Users//Simon//Desktop//Projet Git//BDD//src//javafx//icons//rss_icon.png'),
('feed://Alfil@gmail.com', 'Alfil71 personnal feed', 'None', 'Feed with all the publication which Alfil71 shares.', 'file:////D://Users//Simon//Desktop//Projet Git//BDD//src//javafx//icons//rss_icon.png'),
('feed://Aneth@gmail.com', 'Aneth22 personnal feed', 'None', 'Feed with all the publication which Aneth22 shares.', 'file:////D://Users//Simon//Desktop//Projet Git//BDD//src//javafx//icons//rss_icon.png'),
('feed://Anyavriel@gmail.com', 'Anyavriel3 personnal feed', 'None', 'Feed with all the publication which Anyavriel3 shares.', 'file:////D://Users//Simon//Desktop//Projet Git//BDD//src//javafx//icons//rss_icon.png'),
('feed://Aurgonien@gmail.com', 'Aurgonien2 personnal feed', 'None', 'Feed with all the publication which Aurgonien2 shares.', 'file:////D://Users//Simon//Desktop//Projet Git//BDD//src//javafx//icons//rss_icon.png'),
('feed://Beliath@gmail.com', 'Beliath98 personnal feed', 'None', 'Feed with all the publication which Beliath98 shares.', 'file:////D://Users//Simon//Desktop//Projet Git//BDD//src//javafx//icons//rss_icon.png'),
('feed://Borlur@gmail.com', 'Borlur69 personnal feed', 'None', 'Feed with all the publication which Borlur69 shares.', 'file:////D://Users//Simon//Desktop//Projet Git//BDD//src//javafx//icons//rss_icon.png'),
('feed://Cirdothaur@gmail.com', 'Cirdothaur6 personnal feed', 'None', 'Feed with all the publication which Cirdothaur6 shares.', 'file:////D://Users//Simon//Desktop//Projet Git//BDD//src//javafx//icons//rss_icon.png'),
('feed://Darrogsenae@gmail.com', 'Darrogsenae59 personnal feed', 'None', 'Feed with all the publication which Darrogsenae59 shares.', 'file:////D://Users//Simon//Desktop//Projet Git//BDD//src//javafx//icons//rss_icon.png'),
('feed://Dilegdor@gmail.com', 'Dilegdor9 personnal feed', 'None', 'Feed with all the publication which Dilegdor9 shares.', 'file:////D://Users//Simon//Desktop//Projet Git//BDD//src//javafx//icons//rss_icon.png'),
('feed://Dorlieneor@gmail.com', 'Dorlieneor69 personnal feed', 'None', 'Feed with all the publication which Dorlieneor69 shares.', 'file:////D://Users//Simon//Desktop//Projet Git//BDD//src//javafx//icons//rss_icon.png'),
('feed://Elladque@gmail.com', 'Elladque26 personnal feed', 'None', 'Feed with all the publication which Elladque26 shares.', 'file:////D://Users//Simon//Desktop//Projet Git//BDD//src//javafx//icons//rss_icon.png'),
('feed://Elshebdothque@gmail.com', 'Elshebdothque53 personnal feed', 'None', 'Feed with all the publication which Elshebdothque53 shares.', 'file:////D://Users//Simon//Desktop//Projet Git//BDD//src//javafx//icons//rss_icon.png'),
('feed://Ethmecheld@gmail.com', 'Ethmecheld57 personnal feed', 'None', 'Feed with all the publication which Ethmecheld57 shares.', 'file:////D://Users//Simon//Desktop//Projet Git//BDD//src//javafx//icons//rss_icon.png'),
('feed://Folrin@gmail.com', 'Folrin70 personnal feed', 'None', 'Feed with all the publication which Folrin70 shares.', 'file:////D://Users//Simon//Desktop//Projet Git//BDD//src//javafx//icons//rss_icon.png'),
('feed://Gasithfar@gmail.com', 'Gasithfar55 personnal feed', 'None', 'Feed with all the publication which Gasithfar55 shares.', 'file:////D://Users//Simon//Desktop//Projet Git//BDD//src//javafx//icons//rss_icon.png'),
('feed://Gonmith@gmail.com', 'Gonmith87 personnal feed', 'None', 'Feed with all the publication which Gonmith87 shares.', 'file:////D://Users//Simon//Desktop//Projet Git//BDD//src//javafx//icons//rss_icon.png'),
('feed://Gothdor@gmail.com', 'Gothdor55 personnal feed', 'None', 'Feed with all the publication which Gothdor55 shares.', 'file:////D://Users//Simon//Desktop//Projet Git//BDD//src//javafx//icons//rss_icon.png'),
('feed://Halmorre@gmail.com', 'Halmorre29 personnal feed', 'None', 'Feed with all the publication which Halmorre29 shares.', 'file:////D://Users//Simon//Desktop//Projet Git//BDD//src//javafx//icons//rss_icon.png'),
('feed://Helmarhar@gmail.com', 'Helmarhar43 personnal feed', 'None', 'Feed with all the publication which Helmarhar43 shares.', 'file:////D://Users//Simon//Desktop//Projet Git//BDD//src//javafx//icons//rss_icon.png'),
('feed://Honranre@gmail.com', 'Honranre29 personnal feed', 'None', 'Feed with all the publication which Honranre29 shares.', 'file:////D://Users//Simon//Desktop//Projet Git//BDD//src//javafx//icons//rss_icon.png'),
('feed://Hunfirlim@gmail.com', 'Hunfirlim72 personnal feed', 'None', 'Feed with all the publication which Hunfirlim72 shares.', 'file:////D://Users//Simon//Desktop//Projet Git//BDD//src//javafx//icons//rss_icon.png'),
('feed://Iathbel@gmail.com', 'Iathbel9 personnal feed', 'None', 'Feed with all the publication which Iathbel9 shares.', 'file:////D://Users//Simon//Desktop//Projet Git//BDD//src//javafx//icons//rss_icon.png'),
('feed://Iathrilkim@gmail.com', 'Iathrilkim27 personnal feed', 'None', 'Feed with all the publication which Iathrilkim27 shares.', 'file:////D://Users//Simon//Desktop//Projet Git//BDD//src//javafx//icons//rss_icon.png'),
('feed://Ionhimbil@gmail.com', 'Ionhimbil41 personnal feed', 'None', 'Feed with all the publication which Ionhimbil41 shares.', 'file:////D://Users//Simon//Desktop//Projet Git//BDD//src//javafx//icons//rss_icon.png'),
('feed://Ionobe@gmail.com', 'Ionobe89 personnal feed', 'None', 'Feed with all the publication which Ionobe89 shares.', 'file:////D://Users//Simon//Desktop//Projet Git//BDD//src//javafx//icons//rss_icon.png'),
('feed://Isshelmel@gmail.com', 'Isshelmel9 personnal feed', 'None', 'Feed with all the publication which Isshelmel9 shares.', 'file:////D://Users//Simon//Desktop//Projet Git//BDD//src//javafx//icons//rss_icon.png'),
('feed://Kimvielsyl@gmail.com', 'Kimvielsyl59 personnal feed', 'None', 'Feed with all the publication which Kimvielsyl59 shares.', 'file:////D://Users//Simon//Desktop//Projet Git//BDD//src//javafx//icons//rss_icon.png'),
('feed://Laethal@gmail.com', 'Laethal99 personnal feed', 'None', 'Feed with all the publication which Laethal99 shares.', 'file:////D://Users//Simon//Desktop//Projet Git//BDD//src//javafx//icons//rss_icon.png'),
('feed://Laikasgoth@gmail.com', 'Laikasgoth15 personnal feed', 'None', 'Feed with all the publication which Laikasgoth15 shares.', 'file:////D://Users//Simon//Desktop//Projet Git//BDD//src//javafx//icons//rss_icon.png'),
('feed://Limrielre@gmail.com', 'Limrielre21 personnal feed', 'None', 'Feed with all the publication which Limrielre21 shares.', 'file:////D://Users//Simon//Desktop//Projet Git//BDD//src//javafx//icons//rss_icon.png'),
('feed://Malbaneath@gmail.com', 'Malbaneath48 personnal feed', 'None', 'Feed with all the publication which Malbaneath48 shares.', 'file:////D://Users//Simon//Desktop//Projet Git//BDD//src//javafx//icons//rss_icon.png'),
('feed://Mantoldain@gmail.com', 'Mantoldain79 personnal feed', 'None', 'Feed with all the publication which Mantoldain79 shares.', 'file:////D://Users//Simon//Desktop//Projet Git//BDD//src//javafx//icons//rss_icon.png'),
('feed://Marob@gmail.com', 'Marob94 personnal feed', 'None', 'Feed with all the publication which Marob94 shares.', 'file:////D://Users//Simon//Desktop//Projet Git//BDD//src//javafx//icons//rss_icon.png'),
('feed://Mechlorman@gmail.com', 'Mechlorman60 personnal feed', 'None', 'Feed with all the publication which Mechlorman60 shares.', 'file:////D://Users//Simon//Desktop//Projet Git//BDD//src//javafx//icons//rss_icon.png'),
('feed://Melhim@gmail.com', 'Melhim41 personnal feed', 'None', 'Feed with all the publication which Melhim41 shares.', 'file:////D://Users//Simon//Desktop//Projet Git//BDD//src//javafx//icons//rss_icon.png'),
('feed://Minaurman@gmail.com', 'Minaurman39 personnal feed', 'None', 'Feed with all the publication which Minaurman39 shares.', 'file:////D://Users//Simon//Desktop//Projet Git//BDD//src//javafx//icons//rss_icon.png'),
('feed://Mirgalsim@gmail.com', 'Mirgalsim6 personnal feed', 'None', 'Feed with all the publication which Mirgalsim6 shares.', 'file:////D://Users//Simon//Desktop//Projet Git//BDD//src//javafx//icons//rss_icon.png'),
('feed://Morril@gmail.com', 'Morril81 personnal feed', 'None', 'Feed with all the publication which Morril81 shares.', 'file:////D://Users//Simon//Desktop//Projet Git//BDD//src//javafx//icons//rss_icon.png'),
('feed://Obbareor@gmail.com', 'Obbareor88 personnal feed', 'None', 'Feed with all the publication which Obbareor88 shares.', 'file:////D://Users//Simon//Desktop//Projet Git//BDD//src//javafx//icons//rss_icon.png'),
('feed://Quendbethque@gmail.com', 'Quendbethque78 personnal feed', 'None', 'Feed with all the publication which Quendbethque78 shares.', 'file:////D://Users//Simon//Desktop//Projet Git//BDD//src//javafx//icons//rss_icon.png'),
('feed://Ranfalmalre@gmail.com', 'Ranfalmalre28 personnal feed', 'None', 'Feed with all the publication which Ranfalmalre28 shares.', 'file:////D://Users//Simon//Desktop//Projet Git//BDD//src//javafx//icons//rss_icon.png'),
('feed://Rinerharie@gmail.com', 'Rinerharie27 personnal feed', 'None', 'Feed with all the publication which Rinerharie27 shares.', 'file:////D://Users//Simon//Desktop//Projet Git//BDD//src//javafx//icons//rss_icon.png'),
('feed://Rocbilper@gmail.com', 'Rocbilper13 personnal feed', 'None', 'Feed with all the publication which Rocbilper13 shares.', 'file:////D://Users//Simon//Desktop//Projet Git//BDD//src//javafx//icons//rss_icon.png'),
('feed://Sarunbeor@gmail.com', 'Sarunbeor46 personnal feed', 'None', 'Feed with all the publication which Sarunbeor46 shares.', 'file:////D://Users//Simon//Desktop//Projet Git//BDD//src//javafx//icons//rss_icon.png'),
('feed://Simheling@gmail.com', 'Simheling68 personnal feed', 'None', 'Feed with all the publication which Simheling68 shares.', 'file:////D://Users//Simon//Desktop//Projet Git//BDD//src//javafx//icons//rss_icon.png'),
('feed://Terindil@gmail.com', 'Terindil30 personnal feed', 'None', 'Feed with all the publication which Terindil30 shares.', 'file:////D://Users//Simon//Desktop//Projet Git//BDD//src//javafx//icons//rss_icon.png'),
('feed://Theodhal@gmail.com', 'Theodhal19 personnal feed', 'None', 'Feed with all the publication which Theodhal19 shares.', 'file:////D://Users//Simon//Desktop//Projet Git//BDD//src//javafx//icons//rss_icon.png'),
('feed://Vanam@gmail.com', 'Vanam50 personnal feed', 'None', 'Feed with all the publication which Vanam50 shares.', 'file:////D://Users//Simon//Desktop//Projet Git//BDD//src//javafx//icons//rss_icon.png'),
('feed://Vienellim@gmail.com', 'Vienellim25 personnal feed', 'None', 'Feed with all the publication which Vienellim25 shares.', 'file:////D://Users//Simon//Desktop//Projet Git//BDD//src//javafx//icons//rss_icon.png'),
('feed://Vienling@gmail.com', 'Vienling97 personnal feed', 'None', 'Feed with all the publication which Vienling97 shares.', 'file:////D://Users//Simon//Desktop//Projet Git//BDD//src//javafx//icons//rss_icon.png');

-- --------------------------------------------------------

--
-- Structure de la table `feedsubscription`
--

CREATE TABLE IF NOT EXISTS `feedsubscription` (
  `user_email` varchar(200) COLLATE utf8_bin NOT NULL,
  `feed_url` varchar(200) COLLATE utf8_bin NOT NULL,
  `subscribedDate` date NOT NULL,
  PRIMARY KEY (`user_email`,`feed_url`)
) ENGINE=InnoDB DEFAULT CHARSET=utf8 COLLATE=utf8_bin;

--
-- Contenu de la table `feedsubscription`
--

INSERT INTO `feedsubscription` (`user_email`, `feed_url`, `subscribedDate`) VALUES
('Alfil@gmail.com', 'D:UsersSimonDesktopProjet GitBDD\nss\nss_dh.xml', '2014-03-26'),
('Alfil@gmail.com', 'feed://Alfil@gmail.com', '2014-02-06'),
('Alfil@gmail.com', 'feed://Folrin@gmail.com', '2014-04-29'),
('Alfil@gmail.com', 'feed://Isshelmel@gmail.com', '2014-04-13'),
('Aneth@gmail.com', 'D:UsersSimonDesktopProjet GitBDD\nss\nss_dh.xml', '2014-04-28'),
('Aneth@gmail.com', 'feed://Aneth@gmail.com', '2014-03-31'),
('Aneth@gmail.com', 'feed://Elshebdothque@gmail.com', '2014-05-09'),
('Anyavriel@gmail.com', 'D:UsersSimonDesktopProjet GitBDD\nss\nss_dh.xml', '2014-04-16'),
('Anyavriel@gmail.com', 'D:UsersSimonDesktopProjet GitBDD\nss\nss_jdg.xml', '2014-05-07'),
('Anyavriel@gmail.com', 'D:UsersSimonDesktopProjet GitBDD\nss\nss_jvc.xml', '2014-04-13'),
('Anyavriel@gmail.com', 'D:UsersSimonDesktopProjet GitBDD\nss\nss_korben.xml', '2014-04-13'),
('Anyavriel@gmail.com', 'D:UsersSimonDesktopProjet GitBDD\nss\nss_lalibre.xml', '2014-04-11'),
('Anyavriel@gmail.com', 'D:UsersSimonDesktopProjet GitBDD\nss\nss_lesoirmonde.xml', '2014-04-28'),
('Anyavriel@gmail.com', 'D:UsersSimonDesktopProjet GitBDD\nss\nss_tomshardware.xml', '2014-05-07'),
('Anyavriel@gmail.com', 'D:UsersSimonDesktopProjet GitBDD\nss\nss_ulb.xml', '2014-04-19'),
('Anyavriel@gmail.com', 'feed://Anyavriel@gmail.com', '2014-04-05'),
('Anyavriel@gmail.com', 'feed://Gothdor@gmail.com', '2014-04-26'),
('Anyavriel@gmail.com', 'feed://Iathbel@gmail.com', '2014-02-07'),
('Aurgonien@gmail.com', 'D:UsersSimonDesktopProjet GitBDD\nss\nss_dh.xml', '2014-05-14'),
('Aurgonien@gmail.com', 'D:UsersSimonDesktopProjet GitBDD\nss\nss_jdg.xml', '2014-02-13'),
('Aurgonien@gmail.com', 'D:UsersSimonDesktopProjet GitBDD\nss\nss_jvc.xml', '2014-02-22'),
('Aurgonien@gmail.com', 'feed://Aurgonien@gmail.com', '2014-01-09'),
('Aurgonien@gmail.com', 'feed://Limrielre@gmail.com', '2014-04-24'),
('Aurgonien@gmail.com', 'feed://Ranfalmalre@gmail.com', '2014-05-14'),
('Aurgonien@gmail.com', 'feed://Simheling@gmail.com', '2014-04-06'),
('Aurgonien@gmail.com', 'feed://Vanam@gmail.com', '2014-05-17'),
('Beliath@gmail.com', 'feed://Beliath@gmail.com', '2014-05-02'),
('Beliath@gmail.com', 'feed://Iathbel@gmail.com', '2014-03-12'),
('Borlur@gmail.com', 'D:UsersSimonDesktopProjet GitBDD\nss\nss_dh.xml', '2014-04-20'),
('Borlur@gmail.com', 'D:UsersSimonDesktopProjet GitBDD\nss\nss_jdg.xml', '2014-05-06'),
('Borlur@gmail.com', 'D:UsersSimonDesktopProjet GitBDD\nss\nss_jvc.xml', '2014-04-21'),
('Borlur@gmail.com', 'D:UsersSimonDesktopProjet GitBDD\nss\nss_korben.xml', '2014-04-26'),
('Borlur@gmail.com', 'D:UsersSimonDesktopProjet GitBDD\nss\nss_lalibre.xml', '2014-04-22'),
('Borlur@gmail.com', 'D:UsersSimonDesktopProjet GitBDD\nss\nss_lesoirmonde.xml', '2014-05-10'),
('Borlur@gmail.com', 'feed://Borlur@gmail.com', '2014-04-17'),
('Borlur@gmail.com', 'feed://Mirgalsim@gmail.com', '2014-05-10'),
('Cirdothaur@gmail.com', 'D:UsersSimonDesktopProjet GitBDD\nss\nss_dh.xml', '2014-04-29'),
('Cirdothaur@gmail.com', 'D:UsersSimonDesktopProjet GitBDD\nss\nss_jdg.xml', '2014-05-13'),
('Cirdothaur@gmail.com', 'D:UsersSimonDesktopProjet GitBDD\nss\nss_jvc.xml', '2014-02-14'),
('Cirdothaur@gmail.com', 'D:UsersSimonDesktopProjet GitBDD\nss\nss_korben.xml', '2014-03-24'),
('Cirdothaur@gmail.com', 'D:UsersSimonDesktopProjet GitBDD\nss\nss_lalibre.xml', '2014-05-05'),
('Cirdothaur@gmail.com', 'D:UsersSimonDesktopProjet GitBDD\nss\nss_lesoirmonde.xml', '2014-05-03'),
('Cirdothaur@gmail.com', 'D:UsersSimonDesktopProjet GitBDD\nss\nss_tomshardware.xml', '2014-02-10'),
('Cirdothaur@gmail.com', 'D:UsersSimonDesktopProjet GitBDD\nss\nss_ulb.xml', '2014-01-19'),
('Cirdothaur@gmail.com', 'feed://Cirdothaur@gmail.com', '2014-01-16'),
('Cirdothaur@gmail.com', 'feed://Hunfirlim@gmail.com', '2014-05-14'),
('Cirdothaur@gmail.com', 'feed://Malbaneath@gmail.com', '2014-03-31'),
('Cirdothaur@gmail.com', 'feed://Melhim@gmail.com', '2014-03-11'),
('Darrogsenae@gmail.com', 'D:UsersSimonDesktopProjet GitBDD\nss\nss_dh.xml', '2014-05-17'),
('Darrogsenae@gmail.com', 'D:UsersSimonDesktopProjet GitBDD\nss\nss_jdg.xml', '2014-05-16'),
('Darrogsenae@gmail.com', 'D:UsersSimonDesktopProjet GitBDD\nss\nss_jvc.xml', '2014-05-16'),
('Darrogsenae@gmail.com', 'D:UsersSimonDesktopProjet GitBDD\nss\nss_korben.xml', '2014-05-16'),
('Darrogsenae@gmail.com', 'D:UsersSimonDesktopProjet GitBDD\nss\nss_lalibre.xml', '2014-05-15'),
('Darrogsenae@gmail.com', 'D:UsersSimonDesktopProjet GitBDD\nss\nss_lesoirmonde.xml', '2014-05-16'),
('Darrogsenae@gmail.com', 'feed://Darrogsenae@gmail.com', '2014-05-15'),
('Darrogsenae@gmail.com', 'feed://Morril@gmail.com', '2014-05-16'),
('Darrogsenae@gmail.com', 'feed://Ranfalmalre@gmail.com', '2014-05-15'),
('Darrogsenae@gmail.com', 'feed://Rocbilper@gmail.com', '2014-05-16'),
('Darrogsenae@gmail.com', 'feed://Terindil@gmail.com', '2014-05-15'),
('Darrogsenae@gmail.com', 'feed://Theodhal@gmail.com', '2014-05-15'),
('Darrogsenae@gmail.com', 'feed://Vienellim@gmail.com', '2014-05-15'),
('Dilegdor@gmail.com', 'D:UsersSimonDesktopProjet GitBDD\nss\nss_dh.xml', '2014-05-03'),
('Dilegdor@gmail.com', 'D:UsersSimonDesktopProjet GitBDD\nss\nss_jdg.xml', '2014-05-03'),
('Dilegdor@gmail.com', 'D:UsersSimonDesktopProjet GitBDD\nss\nss_jvc.xml', '2014-04-17'),
('Dilegdor@gmail.com', 'D:UsersSimonDesktopProjet GitBDD\nss\nss_korben.xml', '2014-05-17'),
('Dilegdor@gmail.com', 'feed://Dilegdor@gmail.com', '2014-04-13'),
('Dilegdor@gmail.com', 'feed://Rocbilper@gmail.com', '2014-05-17'),
('Dorlieneor@gmail.com', 'D:UsersSimonDesktopProjet GitBDD\nss\nss_dh.xml', '2014-03-15'),
('Dorlieneor@gmail.com', 'D:UsersSimonDesktopProjet GitBDD\nss\nss_jdg.xml', '2014-02-03'),
('Dorlieneor@gmail.com', 'D:UsersSimonDesktopProjet GitBDD\nss\nss_jvc.xml', '2014-01-22'),
('Dorlieneor@gmail.com', 'feed://Dorlieneor@gmail.com', '2014-01-20'),
('Elladque@gmail.com', 'D:UsersSimonDesktopProjet GitBDD\nss\nss_dh.xml', '2014-04-24'),
('Elladque@gmail.com', 'D:UsersSimonDesktopProjet GitBDD\nss\nss_jdg.xml', '2014-05-13'),
('Elladque@gmail.com', 'D:UsersSimonDesktopProjet GitBDD\nss\nss_jvc.xml', '2014-04-13'),
('Elladque@gmail.com', 'D:UsersSimonDesktopProjet GitBDD\nss\nss_korben.xml', '2014-05-04'),
('Elladque@gmail.com', 'D:UsersSimonDesktopProjet GitBDD\nss\nss_lalibre.xml', '2014-05-15'),
('Elladque@gmail.com', 'feed://Elladque@gmail.com', '2014-04-04'),
('Elladque@gmail.com', 'feed://Theodhal@gmail.com', '2014-04-21'),
('Elshebdothque@gmail.com', 'D:UsersSimonDesktopProjet GitBDD\nss\nss_dh.xml', '2014-02-28'),
('Elshebdothque@gmail.com', 'D:UsersSimonDesktopProjet GitBDD\nss\nss_jdg.xml', '2014-03-24'),
('Elshebdothque@gmail.com', 'D:UsersSimonDesktopProjet GitBDD\nss\nss_jvc.xml', '2014-03-02'),
('Elshebdothque@gmail.com', 'D:UsersSimonDesktopProjet GitBDD\nss\nss_korben.xml', '2014-02-17'),
('Elshebdothque@gmail.com', 'D:UsersSimonDesktopProjet GitBDD\nss\nss_lalibre.xml', '2014-03-20'),
('Elshebdothque@gmail.com', 'D:UsersSimonDesktopProjet GitBDD\nss\nss_lesoirmonde.xml', '2014-04-07'),
('Elshebdothque@gmail.com', 'D:UsersSimonDesktopProjet GitBDD\nss\nss_tomshardware.xml', '2014-02-28'),
('Elshebdothque@gmail.com', 'D:UsersSimonDesktopProjet GitBDD\nss\nss_ulb.xml', '2014-02-15'),
('Elshebdothque@gmail.com', 'feed://Aneth@gmail.com', '2014-05-09'),
('Elshebdothque@gmail.com', 'feed://Elshebdothque@gmail.com', '2014-01-08'),
('Elshebdothque@gmail.com', 'feed://Gasithfar@gmail.com', '2014-04-14'),
('Elshebdothque@gmail.com', 'feed://Laikasgoth@gmail.com', '2014-02-10'),
('Elshebdothque@gmail.com', 'feed://Mechlorman@gmail.com', '2014-05-17'),
('Elshebdothque@gmail.com', 'feed://Mirgalsim@gmail.com', '2014-02-13'),
('Elshebdothque@gmail.com', 'feed://Quendbethque@gmail.com', '2014-03-03'),
('Elshebdothque@gmail.com', 'feed://Theodhal@gmail.com', '2014-04-24'),
('Ethmecheld@gmail.com', 'feed://Ethmecheld@gmail.com', '2014-02-23'),
('Ethmecheld@gmail.com', 'feed://Minaurman@gmail.com', '2014-04-17'),
('Folrin@gmail.com', 'D:UsersSimonDesktopProjet GitBDD\nss\nss_dh.xml', '2014-02-03'),
('Folrin@gmail.com', 'D:UsersSimonDesktopProjet GitBDD\nss\nss_jdg.xml', '2014-01-30'),
('Folrin@gmail.com', 'feed://Alfil@gmail.com', '2014-04-29'),
('Folrin@gmail.com', 'feed://Folrin@gmail.com', '2014-01-24'),
('Folrin@gmail.com', 'feed://Iathrilkim@gmail.com', '2014-03-01'),
('Gasithfar@gmail.com', 'D:UsersSimonDesktopProjet GitBDD\nss\nss_dh.xml', '2014-03-21'),
('Gasithfar@gmail.com', 'D:UsersSimonDesktopProjet GitBDD\nss\nss_jdg.xml', '2014-03-01'),
('Gasithfar@gmail.com', 'feed://Elshebdothque@gmail.com', '2014-04-14'),
('Gasithfar@gmail.com', 'feed://Gasithfar@gmail.com', '2014-02-24'),
('Gasithfar@gmail.com', 'feed://Honranre@gmail.com', '2014-04-29'),
('Gasithfar@gmail.com', 'feed://Malbaneath@gmail.com', '2014-02-25'),
('Gasithfar@gmail.com', 'feed://Rinerharie@gmail.com', '2014-04-18'),
('Gasithfar@gmail.com', 'feed://Rocbilper@gmail.com', '2014-03-29'),
('Gonmith@gmail.com', 'D:UsersSimonDesktopProjet GitBDD\nss\nss_dh.xml', '2014-03-22'),
('Gonmith@gmail.com', 'D:UsersSimonDesktopProjet GitBDD\nss\nss_jdg.xml', '2014-03-19'),
('Gonmith@gmail.com', 'feed://Gonmith@gmail.com', '2014-03-12'),
('Gonmith@gmail.com', 'feed://Kimvielsyl@gmail.com', '2014-04-15'),
('Gothdor@gmail.com', 'D:UsersSimonDesktopProjet GitBDD\nss\nss_dh.xml', '2014-05-16'),
('Gothdor@gmail.com', 'D:UsersSimonDesktopProjet GitBDD\nss\nss_jdg.xml', '2014-05-16'),
('Gothdor@gmail.com', 'D:UsersSimonDesktopProjet GitBDD\nss\nss_jvc.xml', '2014-05-05'),
('Gothdor@gmail.com', 'D:UsersSimonDesktopProjet GitBDD\nss\nss_korben.xml', '2014-04-23'),
('Gothdor@gmail.com', 'D:UsersSimonDesktopProjet GitBDD\nss\nss_lalibre.xml', '2014-04-23'),
('Gothdor@gmail.com', 'D:UsersSimonDesktopProjet GitBDD\nss\nss_lesoirmonde.xml', '2014-04-23'),
('Gothdor@gmail.com', 'D:UsersSimonDesktopProjet GitBDD\nss\nss_tomshardware.xml', '2014-05-03'),
('Gothdor@gmail.com', 'D:UsersSimonDesktopProjet GitBDD\nss\nss_ulb.xml', '2014-04-26'),
('Gothdor@gmail.com', 'feed://Anyavriel@gmail.com', '2014-04-26'),
('Gothdor@gmail.com', 'feed://Gothdor@gmail.com', '2014-04-11'),
('Gothdor@gmail.com', 'feed://Helmarhar@gmail.com', '2014-04-25'),
('Gothdor@gmail.com', 'feed://Honranre@gmail.com', '2014-04-24'),
('Gothdor@gmail.com', 'feed://Morril@gmail.com', '2014-04-29'),
('Halmorre@gmail.com', 'D:UsersSimonDesktopProjet GitBDD\nss\nss_dh.xml', '2014-05-12'),
('Halmorre@gmail.com', 'feed://Halmorre@gmail.com', '2014-05-07'),
('Halmorre@gmail.com', 'feed://Ionobe@gmail.com', '2014-05-13'),
('Halmorre@gmail.com', 'feed://Obbareor@gmail.com', '2014-05-14'),
('Halmorre@gmail.com', 'feed://Ranfalmalre@gmail.com', '2014-05-06'),
('Helmarhar@gmail.com', 'D:UsersSimonDesktopProjet GitBDD\nss\nss_dh.xml', '2014-05-12'),
('Helmarhar@gmail.com', 'D:UsersSimonDesktopProjet GitBDD\nss\nss_jdg.xml', '2014-05-07'),
('Helmarhar@gmail.com', 'feed://Gothdor@gmail.com', '2014-04-25'),
('Helmarhar@gmail.com', 'feed://Helmarhar@gmail.com', '2014-04-03'),
('Helmarhar@gmail.com', 'feed://Kimvielsyl@gmail.com', '2014-04-18'),
('Helmarhar@gmail.com', 'feed://Ranfalmalre@gmail.com', '2014-05-08'),
('Honranre@gmail.com', 'D:UsersSimonDesktopProjet GitBDD\nss\nss_dh.xml', '2014-05-08'),
('Honranre@gmail.com', 'D:UsersSimonDesktopProjet GitBDD\nss\nss_jdg.xml', '2014-05-16'),
('Honranre@gmail.com', 'D:UsersSimonDesktopProjet GitBDD\nss\nss_jvc.xml', '2014-04-11'),
('Honranre@gmail.com', 'D:UsersSimonDesktopProjet GitBDD\nss\nss_korben.xml', '2014-04-08'),
('Honranre@gmail.com', 'D:UsersSimonDesktopProjet GitBDD\nss\nss_lalibre.xml', '2014-04-28'),
('Honranre@gmail.com', 'D:UsersSimonDesktopProjet GitBDD\nss\nss_lesoirmonde.xml', '2014-05-09'),
('Honranre@gmail.com', 'D:UsersSimonDesktopProjet GitBDD\nss\nss_tomshardware.xml', '2014-05-14'),
('Honranre@gmail.com', 'D:UsersSimonDesktopProjet GitBDD\nss\nss_ulb.xml', '2014-05-01'),
('Honranre@gmail.com', 'feed://Gasithfar@gmail.com', '2014-04-29'),
('Honranre@gmail.com', 'feed://Gothdor@gmail.com', '2014-04-24'),
('Honranre@gmail.com', 'feed://Honranre@gmail.com', '2014-03-31'),
('Hunfirlim@gmail.com', 'feed://Cirdothaur@gmail.com', '2014-05-14'),
('Hunfirlim@gmail.com', 'feed://Hunfirlim@gmail.com', '2014-04-23'),
('Hunfirlim@gmail.com', 'feed://Iathrilkim@gmail.com', '2014-05-12'),
('Hunfirlim@gmail.com', 'feed://Kimvielsyl@gmail.com', '2014-04-23'),
('Hunfirlim@gmail.com', 'feed://Obbareor@gmail.com', '2014-05-15'),
('Hunfirlim@gmail.com', 'feed://Vanam@gmail.com', '2014-05-04'),
('Iathbel@gmail.com', 'D:UsersSimonDesktopProjet GitBDD\nss\nss_dh.xml', '2014-03-15'),
('Iathbel@gmail.com', 'D:UsersSimonDesktopProjet GitBDD\nss\nss_jdg.xml', '2014-04-18'),
('Iathbel@gmail.com', 'D:UsersSimonDesktopProjet GitBDD\nss\nss_jvc.xml', '2014-04-13'),
('Iathbel@gmail.com', 'feed://Anyavriel@gmail.com', '2014-02-07'),
('Iathbel@gmail.com', 'feed://Beliath@gmail.com', '2014-03-12'),
('Iathbel@gmail.com', 'feed://Iathbel@gmail.com', '2014-01-23'),
('Iathbel@gmail.com', 'feed://Laikasgoth@gmail.com', '2014-03-01'),
('Iathrilkim@gmail.com', 'D:UsersSimonDesktopProjet GitBDD\nss\nss_dh.xml', '2014-04-27'),
('Iathrilkim@gmail.com', 'D:UsersSimonDesktopProjet GitBDD\nss\nss_jdg.xml', '2014-02-24'),
('Iathrilkim@gmail.com', 'D:UsersSimonDesktopProjet GitBDD\nss\nss_jvc.xml', '2014-03-02'),
('Iathrilkim@gmail.com', 'D:UsersSimonDesktopProjet GitBDD\nss\nss_korben.xml', '2014-01-28'),
('Iathrilkim@gmail.com', 'D:UsersSimonDesktopProjet GitBDD\nss\nss_lalibre.xml', '2014-02-27'),
('Iathrilkim@gmail.com', 'feed://Folrin@gmail.com', '2014-03-01'),
('Iathrilkim@gmail.com', 'feed://Hunfirlim@gmail.com', '2014-05-12'),
('Iathrilkim@gmail.com', 'feed://Iathrilkim@gmail.com', '2014-01-19'),
('Iathrilkim@gmail.com', 'feed://Rocbilper@gmail.com', '2014-04-23'),
('Ionhimbil@gmail.com', 'D:UsersSimonDesktopProjet GitBDD\nss\nss_dh.xml', '2014-05-02'),
('Ionhimbil@gmail.com', 'D:UsersSimonDesktopProjet GitBDD\nss\nss_jdg.xml', '2014-01-27'),
('Ionhimbil@gmail.com', 'feed://Ionhimbil@gmail.com', '2014-01-12'),
('Ionhimbil@gmail.com', 'feed://Ionobe@gmail.com', '2014-04-02'),
('Ionhimbil@gmail.com', 'feed://Mantoldain@gmail.com', '2014-04-29'),
('Ionhimbil@gmail.com', 'feed://Vanam@gmail.com', '2014-04-30'),
('Ionobe@gmail.com', 'feed://Halmorre@gmail.com', '2014-05-13'),
('Ionobe@gmail.com', 'feed://Ionhimbil@gmail.com', '2014-04-02'),
('Ionobe@gmail.com', 'feed://Ionobe@gmail.com', '2014-01-29'),
('Ionobe@gmail.com', 'feed://Mechlorman@gmail.com', '2014-02-06'),
('Isshelmel@gmail.com', 'D:UsersSimonDesktopProjet GitBDD\nss\nss_dh.xml', '2014-04-06'),
('Isshelmel@gmail.com', 'D:UsersSimonDesktopProjet GitBDD\nss\nss_jdg.xml', '2014-03-05'),
('Isshelmel@gmail.com', 'feed://Alfil@gmail.com', '2014-04-13'),
('Isshelmel@gmail.com', 'feed://Isshelmel@gmail.com', '2014-02-16'),
('Isshelmel@gmail.com', 'feed://Laethal@gmail.com', '2014-04-15'),
('Kimvielsyl@gmail.com', 'D:UsersSimonDesktopProjet GitBDD\nss\nss_dh.xml', '2014-04-20'),
('Kimvielsyl@gmail.com', 'D:UsersSimonDesktopProjet GitBDD\nss\nss_jdg.xml', '2014-04-19'),
('Kimvielsyl@gmail.com', 'feed://Gonmith@gmail.com', '2014-04-15'),
('Kimvielsyl@gmail.com', 'feed://Helmarhar@gmail.com', '2014-04-18'),
('Kimvielsyl@gmail.com', 'feed://Hunfirlim@gmail.com', '2014-04-23'),
('Kimvielsyl@gmail.com', 'feed://Kimvielsyl@gmail.com', '2014-04-14'),
('Kimvielsyl@gmail.com', 'feed://Vanam@gmail.com', '2014-05-14'),
('Laethal@gmail.com', 'feed://Isshelmel@gmail.com', '2014-04-15'),
('Laethal@gmail.com', 'feed://Laethal@gmail.com', '2014-01-20'),
('Laethal@gmail.com', 'feed://Marob@gmail.com', '2014-03-24'),
('Laikasgoth@gmail.com', 'D:UsersSimonDesktopProjet GitBDD\nss\nss_dh.xml', '2014-03-07'),
('Laikasgoth@gmail.com', 'D:UsersSimonDesktopProjet GitBDD\nss\nss_jdg.xml', '2014-03-26'),
('Laikasgoth@gmail.com', 'D:UsersSimonDesktopProjet GitBDD\nss\nss_jvc.xml', '2014-03-02'),
('Laikasgoth@gmail.com', 'D:UsersSimonDesktopProjet GitBDD\nss\nss_korben.xml', '2014-05-09'),
('Laikasgoth@gmail.com', 'D:UsersSimonDesktopProjet GitBDD\nss\nss_lalibre.xml', '2014-05-02'),
('Laikasgoth@gmail.com', 'D:UsersSimonDesktopProjet GitBDD\nss\nss_lesoirmonde.xml', '2014-05-15'),
('Laikasgoth@gmail.com', 'D:UsersSimonDesktopProjet GitBDD\nss\nss_tomshardware.xml', '2014-04-20'),
('Laikasgoth@gmail.com', 'D:UsersSimonDesktopProjet GitBDD\nss\nss_ulb.xml', '2014-05-17'),
('Laikasgoth@gmail.com', 'feed://Elshebdothque@gmail.com', '2014-02-10'),
('Laikasgoth@gmail.com', 'feed://Iathbel@gmail.com', '2014-03-01'),
('Laikasgoth@gmail.com', 'feed://Laikasgoth@gmail.com', '2014-03-01'),
('Limrielre@gmail.com', 'feed://Aurgonien@gmail.com', '2014-04-24'),
('Limrielre@gmail.com', 'feed://Limrielre@gmail.com', '2014-04-23'),
('Limrielre@gmail.com', 'feed://Rocbilper@gmail.com', '2014-05-11'),
('Malbaneath@gmail.com', 'D:UsersSimonDesktopProjet GitBDD\nss\nss_dh.xml', '2014-05-09'),
('Malbaneath@gmail.com', 'D:UsersSimonDesktopProjet GitBDD\nss\nss_jdg.xml', '2014-04-13'),
('Malbaneath@gmail.com', 'D:UsersSimonDesktopProjet GitBDD\nss\nss_jvc.xml', '2014-03-14'),
('Malbaneath@gmail.com', 'D:UsersSimonDesktopProjet GitBDD\nss\nss_korben.xml', '2014-04-19'),
('Malbaneath@gmail.com', 'D:UsersSimonDesktopProjet GitBDD\nss\nss_lalibre.xml', '2014-04-17'),
('Malbaneath@gmail.com', 'D:UsersSimonDesktopProjet GitBDD\nss\nss_lesoirmonde.xml', '2014-04-24'),
('Malbaneath@gmail.com', 'D:UsersSimonDesktopProjet GitBDD\nss\nss_tomshardware.xml', '2014-03-19'),
('Malbaneath@gmail.com', 'feed://Cirdothaur@gmail.com', '2014-03-31'),
('Malbaneath@gmail.com', 'feed://Gasithfar@gmail.com', '2014-02-25'),
('Malbaneath@gmail.com', 'feed://Malbaneath@gmail.com', '2014-03-08'),
('Malbaneath@gmail.com', 'feed://Theodhal@gmail.com', '2014-04-16'),
('Mantoldain@gmail.com', 'D:UsersSimonDesktopProjet GitBDD\nss\nss_dh.xml', '2014-04-03'),
('Mantoldain@gmail.com', 'D:UsersSimonDesktopProjet GitBDD\nss\nss_jdg.xml', '2014-03-16'),
('Mantoldain@gmail.com', 'feed://Ionhimbil@gmail.com', '2014-04-29'),
('Mantoldain@gmail.com', 'feed://Mantoldain@gmail.com', '2014-03-12'),
('Mantoldain@gmail.com', 'feed://Quendbethque@gmail.com', '2014-02-13'),
('Mantoldain@gmail.com', 'feed://Theodhal@gmail.com', '2014-05-07'),
('Marob@gmail.com', 'feed://Laethal@gmail.com', '2014-03-24'),
('Marob@gmail.com', 'feed://Marob@gmail.com', '2014-03-18'),
('Marob@gmail.com', 'feed://Morril@gmail.com', '2014-04-09'),
('Mechlorman@gmail.com', 'D:UsersSimonDesktopProjet GitBDD\nss\nss_dh.xml', '2014-02-08'),
('Mechlorman@gmail.com', 'D:UsersSimonDesktopProjet GitBDD\nss\nss_jdg.xml', '2014-04-25'),
('Mechlorman@gmail.com', 'D:UsersSimonDesktopProjet GitBDD\nss\nss_jvc.xml', '2014-04-05'),
('Mechlorman@gmail.com', 'feed://Elshebdothque@gmail.com', '2014-05-17'),
('Mechlorman@gmail.com', 'feed://Ionobe@gmail.com', '2014-02-06'),
('Mechlorman@gmail.com', 'feed://Mechlorman@gmail.com', '2014-01-14'),
('Mechlorman@gmail.com', 'feed://Mirgalsim@gmail.com', '2014-02-23'),
('Melhim@gmail.com', 'feed://Cirdothaur@gmail.com', '2014-03-11'),
('Melhim@gmail.com', 'feed://Melhim@gmail.com', '2014-02-19'),
('Melhim@gmail.com', 'feed://Vanam@gmail.com', '2014-05-17'),
('Minaurman@gmail.com', 'D:UsersSimonDesktopProjet GitBDD\nss\nss_dh.xml', '2014-04-05'),
('Minaurman@gmail.com', 'feed://Ethmecheld@gmail.com', '2014-04-17'),
('Minaurman@gmail.com', 'feed://Minaurman@gmail.com', '2014-03-31'),
('Minaurman@gmail.com', 'feed://Morril@gmail.com', '2014-04-10'),
('Minaurman@gmail.com', 'feed://Sarunbeor@gmail.com', '2014-04-19'),
('Mirgalsim@gmail.com', 'D:UsersSimonDesktopProjet GitBDD\nss\nss_dh.xml', '2014-02-21'),
('Mirgalsim@gmail.com', 'D:UsersSimonDesktopProjet GitBDD\nss\nss_jdg.xml', '2014-05-07'),
('Mirgalsim@gmail.com', 'D:UsersSimonDesktopProjet GitBDD\nss\nss_jvc.xml', '2014-02-09'),
('Mirgalsim@gmail.com', 'D:UsersSimonDesktopProjet GitBDD\nss\nss_korben.xml', '2014-04-18'),
('Mirgalsim@gmail.com', 'D:UsersSimonDesktopProjet GitBDD\nss\nss_lalibre.xml', '2014-03-04'),
('Mirgalsim@gmail.com', 'feed://Borlur@gmail.com', '2014-05-10'),
('Mirgalsim@gmail.com', 'feed://Elshebdothque@gmail.com', '2014-02-13'),
('Mirgalsim@gmail.com', 'feed://Mechlorman@gmail.com', '2014-02-23'),
('Mirgalsim@gmail.com', 'feed://Mirgalsim@gmail.com', '2014-01-14'),
('Mirgalsim@gmail.com', 'feed://Terindil@gmail.com', '2014-04-07'),
('Morril@gmail.com', 'D:UsersSimonDesktopProjet GitBDD\nss\nss_dh.xml', '2014-02-23'),
('Morril@gmail.com', 'D:UsersSimonDesktopProjet GitBDD\nss\nss_jdg.xml', '2014-04-01'),
('Morril@gmail.com', 'D:UsersSimonDesktopProjet GitBDD\nss\nss_jvc.xml', '2014-02-01'),
('Morril@gmail.com', 'D:UsersSimonDesktopProjet GitBDD\nss\nss_korben.xml', '2014-05-02'),
('Morril@gmail.com', 'feed://Darrogsenae@gmail.com', '2014-05-16'),
('Morril@gmail.com', 'feed://Gothdor@gmail.com', '2014-04-29'),
('Morril@gmail.com', 'feed://Marob@gmail.com', '2014-04-09'),
('Morril@gmail.com', 'feed://Minaurman@gmail.com', '2014-04-10'),
('Morril@gmail.com', 'feed://Morril@gmail.com', '2014-01-07'),
('Morril@gmail.com', 'feed://Vanam@gmail.com', '2014-04-29'),
('Obbareor@gmail.com', 'D:UsersSimonDesktopProjet GitBDD\nss\nss_dh.xml', '2014-05-16'),
('Obbareor@gmail.com', 'D:UsersSimonDesktopProjet GitBDD\nss\nss_jdg.xml', '2014-04-28'),
('Obbareor@gmail.com', 'D:UsersSimonDesktopProjet GitBDD\nss\nss_jvc.xml', '2014-05-05'),
('Obbareor@gmail.com', 'D:UsersSimonDesktopProjet GitBDD\nss\nss_korben.xml', '2014-04-20'),
('Obbareor@gmail.com', 'D:UsersSimonDesktopProjet GitBDD\nss\nss_lalibre.xml', '2014-05-14'),
('Obbareor@gmail.com', 'feed://Halmorre@gmail.com', '2014-05-14'),
('Obbareor@gmail.com', 'feed://Hunfirlim@gmail.com', '2014-05-15'),
('Obbareor@gmail.com', 'feed://Obbareor@gmail.com', '2014-04-15'),
('Quendbethque@gmail.com', 'D:UsersSimonDesktopProjet GitBDD\nss\nss_dh.xml', '2014-03-08'),
('Quendbethque@gmail.com', 'D:UsersSimonDesktopProjet GitBDD\nss\nss_jdg.xml', '2014-03-11'),
('Quendbethque@gmail.com', 'D:UsersSimonDesktopProjet GitBDD\nss\nss_jvc.xml', '2014-04-22'),
('Quendbethque@gmail.com', 'D:UsersSimonDesktopProjet GitBDD\nss\nss_korben.xml', '2014-04-03'),
('Quendbethque@gmail.com', 'D:UsersSimonDesktopProjet GitBDD\nss\nss_lalibre.xml', '2014-05-02'),
('Quendbethque@gmail.com', 'D:UsersSimonDesktopProjet GitBDD\nss\nss_lesoirmonde.xml', '2014-03-10'),
('Quendbethque@gmail.com', 'feed://Elshebdothque@gmail.com', '2014-03-03'),
('Quendbethque@gmail.com', 'feed://Mantoldain@gmail.com', '2014-02-13'),
('Quendbethque@gmail.com', 'feed://Quendbethque@gmail.com', '2014-02-13'),
('Ranfalmalre@gmail.com', 'D:UsersSimonDesktopProjet GitBDD\nss\nss_dh.xml', '2014-04-09'),
('Ranfalmalre@gmail.com', 'D:UsersSimonDesktopProjet GitBDD\nss\nss_jdg.xml', '2014-03-29'),
('Ranfalmalre@gmail.com', 'feed://Aurgonien@gmail.com', '2014-05-14'),
('Ranfalmalre@gmail.com', 'feed://Darrogsenae@gmail.com', '2014-05-15'),
('Ranfalmalre@gmail.com', 'feed://Halmorre@gmail.com', '2014-05-06'),
('Ranfalmalre@gmail.com', 'feed://Helmarhar@gmail.com', '2014-05-08'),
('Ranfalmalre@gmail.com', 'feed://Ranfalmalre@gmail.com', '2014-03-10'),
('Rinerharie@gmail.com', 'D:UsersSimonDesktopProjet GitBDD\nss\nss_dh.xml', '2014-04-05'),
('Rinerharie@gmail.com', 'D:UsersSimonDesktopProjet GitBDD\nss\nss_jdg.xml', '2014-04-04'),
('Rinerharie@gmail.com', 'D:UsersSimonDesktopProjet GitBDD\nss\nss_jvc.xml', '2014-04-08'),
('Rinerharie@gmail.com', 'D:UsersSimonDesktopProjet GitBDD\nss\nss_korben.xml', '2014-04-12'),
('Rinerharie@gmail.com', 'D:UsersSimonDesktopProjet GitBDD\nss\nss_lalibre.xml', '2014-05-06'),
('Rinerharie@gmail.com', 'D:UsersSimonDesktopProjet GitBDD\nss\nss_lesoirmonde.xml', '2014-04-15'),
('Rinerharie@gmail.com', 'feed://Gasithfar@gmail.com', '2014-04-18'),
('Rinerharie@gmail.com', 'feed://Rinerharie@gmail.com', '2014-04-01'),
('Rocbilper@gmail.com', 'D:UsersSimonDesktopProjet GitBDD\nss\nss_dh.xml', '2014-05-16'),
('Rocbilper@gmail.com', 'D:UsersSimonDesktopProjet GitBDD\nss\nss_jdg.xml', '2014-05-15'),
('Rocbilper@gmail.com', 'D:UsersSimonDesktopProjet GitBDD\nss\nss_jvc.xml', '2014-05-17'),
('Rocbilper@gmail.com', 'D:UsersSimonDesktopProjet GitBDD\nss\nss_korben.xml', '2014-05-15'),
('Rocbilper@gmail.com', 'D:UsersSimonDesktopProjet GitBDD\nss\nss_lalibre.xml', '2014-05-15'),
('Rocbilper@gmail.com', 'D:UsersSimonDesktopProjet GitBDD\nss\nss_lesoirmonde.xml', '2014-05-13'),
('Rocbilper@gmail.com', 'feed://Darrogsenae@gmail.com', '2014-05-16'),
('Rocbilper@gmail.com', 'feed://Dilegdor@gmail.com', '2014-05-17'),
('Rocbilper@gmail.com', 'feed://Gasithfar@gmail.com', '2014-03-29'),
('Rocbilper@gmail.com', 'feed://Iathrilkim@gmail.com', '2014-04-23'),
('Rocbilper@gmail.com', 'feed://Limrielre@gmail.com', '2014-05-11'),
('Rocbilper@gmail.com', 'feed://Rocbilper@gmail.com', '2014-05-13'),
('Sarunbeor@gmail.com', 'D:UsersSimonDesktopProjet GitBDD\nss\nss_dh.xml', '2014-05-14'),
('Sarunbeor@gmail.com', 'D:UsersSimonDesktopProjet GitBDD\nss\nss_jdg.xml', '2014-05-16'),
('Sarunbeor@gmail.com', 'D:UsersSimonDesktopProjet GitBDD\nss\nss_jvc.xml', '2014-05-17'),
('Sarunbeor@gmail.com', 'D:UsersSimonDesktopProjet GitBDD\nss\nss_korben.xml', '2014-05-16'),
('Sarunbeor@gmail.com', 'D:UsersSimonDesktopProjet GitBDD\nss\nss_lalibre.xml', '2014-05-14'),
('Sarunbeor@gmail.com', 'feed://Minaurman@gmail.com', '2014-04-19'),
('Sarunbeor@gmail.com', 'feed://Sarunbeor@gmail.com', '2014-05-14'),
('Sarunbeor@gmail.com', 'feed://Simheling@gmail.com', '2014-04-01'),
('Simheling@gmail.com', 'D:UsersSimonDesktopProjet GitBDD\nss\nss_dh.xml', '2014-03-31'),
('Simheling@gmail.com', 'D:UsersSimonDesktopProjet GitBDD\nss\nss_jdg.xml', '2014-04-30'),
('Simheling@gmail.com', 'D:UsersSimonDesktopProjet GitBDD\nss\nss_jvc.xml', '2014-05-07'),
('Simheling@gmail.com', 'D:UsersSimonDesktopProjet GitBDD\nss\nss_korben.xml', '2014-04-19'),
('Simheling@gmail.com', 'D:UsersSimonDesktopProjet GitBDD\nss\nss_lalibre.xml', '2014-04-24'),
('Simheling@gmail.com', 'feed://Aurgonien@gmail.com', '2014-04-06'),
('Simheling@gmail.com', 'feed://Sarunbeor@gmail.com', '2014-04-01'),
('Simheling@gmail.com', 'feed://Simheling@gmail.com', '2014-03-31'),
('Terindil@gmail.com', 'D:UsersSimonDesktopProjet GitBDD\nss\nss_dh.xml', '2014-05-01'),
('Terindil@gmail.com', 'D:UsersSimonDesktopProjet GitBDD\nss\nss_jdg.xml', '2014-03-20'),
('Terindil@gmail.com', 'D:UsersSimonDesktopProjet GitBDD\nss\nss_jvc.xml', '2014-03-19'),
('Terindil@gmail.com', 'D:UsersSimonDesktopProjet GitBDD\nss\nss_korben.xml', '2014-04-09'),
('Terindil@gmail.com', 'D:UsersSimonDesktopProjet GitBDD\nss\nss_lalibre.xml', '2014-03-23'),
('Terindil@gmail.com', 'D:UsersSimonDesktopProjet GitBDD\nss\nss_lesoirmonde.xml', '2014-02-16'),
('Terindil@gmail.com', 'D:UsersSimonDesktopProjet GitBDD\nss\nss_tomshardware.xml', '2014-03-08'),
('Terindil@gmail.com', 'D:UsersSimonDesktopProjet GitBDD\nss\nss_ulb.xml', '2014-03-26'),
('Terindil@gmail.com', 'feed://Darrogsenae@gmail.com', '2014-05-15'),
('Terindil@gmail.com', 'feed://Mirgalsim@gmail.com', '2014-04-07'),
('Terindil@gmail.com', 'feed://Terindil@gmail.com', '2014-02-11'),
('Terindil@gmail.com', 'feed://Vienling@gmail.com', '2014-02-04'),
('Theodhal@gmail.com', 'D:UsersSimonDesktopProjet GitBDD\nss\nss_dh.xml', '2014-02-18'),
('Theodhal@gmail.com', 'D:UsersSimonDesktopProjet GitBDD\nss\nss_jdg.xml', '2014-02-08'),
('Theodhal@gmail.com', 'D:UsersSimonDesktopProjet GitBDD\nss\nss_jvc.xml', '2014-05-04'),
('Theodhal@gmail.com', 'D:UsersSimonDesktopProjet GitBDD\nss\nss_korben.xml', '2014-03-05'),
('Theodhal@gmail.com', 'D:UsersSimonDesktopProjet GitBDD\nss\nss_lalibre.xml', '2014-04-23'),
('Theodhal@gmail.com', 'feed://Darrogsenae@gmail.com', '2014-05-15'),
('Theodhal@gmail.com', 'feed://Elladque@gmail.com', '2014-04-21'),
('Theodhal@gmail.com', 'feed://Elshebdothque@gmail.com', '2014-04-24'),
('Theodhal@gmail.com', 'feed://Malbaneath@gmail.com', '2014-04-16'),
('Theodhal@gmail.com', 'feed://Mantoldain@gmail.com', '2014-05-07'),
('Theodhal@gmail.com', 'feed://Theodhal@gmail.com', '2014-02-08'),
('Vanam@gmail.com', 'D:UsersSimonDesktopProjet GitBDD\nss\nss_dh.xml', '2014-04-26'),
('Vanam@gmail.com', 'D:UsersSimonDesktopProjet GitBDD\nss\nss_jdg.xml', '2014-04-26'),
('Vanam@gmail.com', 'D:UsersSimonDesktopProjet GitBDD\nss\nss_jvc.xml', '2014-05-15'),
('Vanam@gmail.com', 'D:UsersSimonDesktopProjet GitBDD\nss\nss_korben.xml', '2014-05-07'),
('Vanam@gmail.com', 'D:UsersSimonDesktopProjet GitBDD\nss\nss_lalibre.xml', '2014-05-15'),
('Vanam@gmail.com', 'D:UsersSimonDesktopProjet GitBDD\nss\nss_lesoirmonde.xml', '2014-05-06'),
('Vanam@gmail.com', 'feed://Aurgonien@gmail.com', '2014-05-17'),
('Vanam@gmail.com', 'feed://Hunfirlim@gmail.com', '2014-05-04'),
('Vanam@gmail.com', 'feed://Ionhimbil@gmail.com', '2014-04-30'),
('Vanam@gmail.com', 'feed://Kimvielsyl@gmail.com', '2014-05-14'),
('Vanam@gmail.com', 'feed://Melhim@gmail.com', '2014-05-17'),
('Vanam@gmail.com', 'feed://Morril@gmail.com', '2014-04-29'),
('Vanam@gmail.com', 'feed://Vanam@gmail.com', '2014-04-20'),
('Vienellim@gmail.com', 'D:UsersSimonDesktopProjet GitBDD\nss\nss_dh.xml', '2014-04-15'),
('Vienellim@gmail.com', 'D:UsersSimonDesktopProjet GitBDD\nss\nss_jdg.xml', '2014-04-21'),
('Vienellim@gmail.com', 'D:UsersSimonDesktopProjet GitBDD\nss\nss_jvc.xml', '2014-05-07'),
('Vienellim@gmail.com', 'D:UsersSimonDesktopProjet GitBDD\nss\nss_korben.xml', '2014-04-20'),
('Vienellim@gmail.com', 'D:UsersSimonDesktopProjet GitBDD\nss\nss_lalibre.xml', '2014-05-09'),
('Vienellim@gmail.com', 'D:UsersSimonDesktopProjet GitBDD\nss\nss_lesoirmonde.xml', '2014-04-29'),
('Vienellim@gmail.com', 'feed://Darrogsenae@gmail.com', '2014-05-15'),
('Vienellim@gmail.com', 'feed://Vienellim@gmail.com', '2014-04-14'),
('Vienling@gmail.com', 'D:UsersSimonDesktopProjet GitBDD\nss\nss_dh.xml', '2014-04-10'),
('Vienling@gmail.com', 'feed://Terindil@gmail.com', '2014-02-04'),
('Vienling@gmail.com', 'feed://Vienling@gmail.com', '2014-01-21');

-- --------------------------------------------------------

--
-- Structure de la table `friendship`
--

CREATE TABLE IF NOT EXISTS `friendship` (
  `user1_email` varchar(200) COLLATE utf8_bin NOT NULL,
  `user2_email` varchar(200) COLLATE utf8_bin NOT NULL,
  `requestDate` date NOT NULL,
  `accepted` tinyint(1) NOT NULL,
  PRIMARY KEY (`user1_email`,`user2_email`)
) ENGINE=InnoDB DEFAULT CHARSET=utf8 COLLATE=utf8_bin;

--
-- Contenu de la table `friendship`
--

INSERT INTO `friendship` (`user1_email`, `user2_email`, `requestDate`, `accepted`) VALUES
('Alfil@gmail.com', 'Rinerharie@gmail.com', '2014-04-18', 0),
('Aneth@gmail.com', 'Elshebdothque@gmail.com', '2014-05-09', 1),
('Anyavriel@gmail.com', 'Gothdor@gmail.com', '2014-04-26', 1),
('Anyavriel@gmail.com', 'Iathbel@gmail.com', '2014-02-07', 1),
('Anyavriel@gmail.com', 'Iathrilkim@gmail.com', '2014-04-25', 0),
('Aurgonien@gmail.com', 'Limrielre@gmail.com', '2014-04-24', 1),
('Beliath@gmail.com', 'Aurgonien@gmail.com', '2014-03-01', 0),
('Cirdothaur@gmail.com', 'Hunfirlim@gmail.com', '2014-05-14', 1),
('Cirdothaur@gmail.com', 'Malbaneath@gmail.com', '2014-03-31', 1),
('Cirdothaur@gmail.com', 'Simheling@gmail.com', '2014-05-09', 0),
('Darrogsenae@gmail.com', 'Morril@gmail.com', '2014-05-16', 1),
('Darrogsenae@gmail.com', 'Ranfalmalre@gmail.com', '2014-05-15', 1),
('Darrogsenae@gmail.com', 'Rocbilper@gmail.com', '2014-05-16', 1),
('Darrogsenae@gmail.com', 'Vienellim@gmail.com', '2014-05-15', 1),
('Dilegdor@gmail.com', 'Iathrilkim@gmail.com', '2014-04-02', 0),
('Dorlieneor@gmail.com', 'Beliath@gmail.com', '2014-01-26', 0),
('Elladque@gmail.com', 'Mantoldain@gmail.com', '2014-05-03', 0),
('Elladque@gmail.com', 'Theodhal@gmail.com', '2014-04-21', 1),
('Elshebdothque@gmail.com', 'Gasithfar@gmail.com', '2014-04-14', 1),
('Elshebdothque@gmail.com', 'Gonmith@gmail.com', '2014-04-22', 0),
('Elshebdothque@gmail.com', 'Hunfirlim@gmail.com', '2014-04-23', 0),
('Elshebdothque@gmail.com', 'Iathbel@gmail.com', '2014-02-19', 0),
('Elshebdothque@gmail.com', 'Quendbethque@gmail.com', '2014-03-03', 1),
('Elshebdothque@gmail.com', 'Theodhal@gmail.com', '2014-04-24', 1),
('Ethmecheld@gmail.com', 'Minaurman@gmail.com', '2014-04-17', 1),
('Folrin@gmail.com', 'Alfil@gmail.com', '2014-04-29', 1),
('Folrin@gmail.com', 'Iathrilkim@gmail.com', '2014-03-01', 1),
('Folrin@gmail.com', 'Isshelmel@gmail.com', '2014-02-23', 0),
('Gasithfar@gmail.com', 'Halmorre@gmail.com', '2014-03-05', 0),
('Gasithfar@gmail.com', 'Honranre@gmail.com', '2014-04-29', 1),
('Gasithfar@gmail.com', 'Malbaneath@gmail.com', '2014-02-25', 1),
('Gasithfar@gmail.com', 'Rocbilper@gmail.com', '2014-03-29', 1),
('Gonmith@gmail.com', 'Aneth@gmail.com', '2014-05-07', 0),
('Gonmith@gmail.com', 'Kimvielsyl@gmail.com', '2014-04-15', 1),
('Gothdor@gmail.com', 'Mantoldain@gmail.com', '2014-03-28', 0),
('Halmorre@gmail.com', 'Ranfalmalre@gmail.com', '2014-05-06', 1),
('Helmarhar@gmail.com', 'Gothdor@gmail.com', '2014-04-25', 1),
('Helmarhar@gmail.com', 'Kimvielsyl@gmail.com', '2014-04-18', 1),
('Helmarhar@gmail.com', 'Ranfalmalre@gmail.com', '2014-05-08', 1),
('Honranre@gmail.com', 'Elladque@gmail.com', '2014-04-20', 0),
('Honranre@gmail.com', 'Gothdor@gmail.com', '2014-04-24', 1),
('Hunfirlim@gmail.com', 'Iathrilkim@gmail.com', '2014-05-12', 1),
('Hunfirlim@gmail.com', 'Vanam@gmail.com', '2014-05-04', 1),
('Iathbel@gmail.com', 'Beliath@gmail.com', '2014-03-12', 1),
('Iathrilkim@gmail.com', 'Rocbilper@gmail.com', '2014-04-23', 1),
('Ionhimbil@gmail.com', 'Ionobe@gmail.com', '2014-04-02', 1),
('Ionhimbil@gmail.com', 'Terindil@gmail.com', '2014-01-26', 0),
('Ionobe@gmail.com', 'Halmorre@gmail.com', '2014-05-13', 1),
('Ionobe@gmail.com', 'Rocbilper@gmail.com', '2014-02-14', 0),
('Isshelmel@gmail.com', 'Alfil@gmail.com', '2014-04-13', 1),
('Isshelmel@gmail.com', 'Quendbethque@gmail.com', '2014-04-11', 0),
('Kimvielsyl@gmail.com', 'Hunfirlim@gmail.com', '2014-04-23', 1),
('Kimvielsyl@gmail.com', 'Morril@gmail.com', '2014-05-06', 0),
('Kimvielsyl@gmail.com', 'Vanam@gmail.com', '2014-05-14', 1),
('Kimvielsyl@gmail.com', 'Vienling@gmail.com', '2014-04-14', 0),
('Laethal@gmail.com', 'Isshelmel@gmail.com', '2014-04-15', 1),
('Laethal@gmail.com', 'Marob@gmail.com', '2014-03-24', 1),
('Laikasgoth@gmail.com', 'Elshebdothque@gmail.com', '2014-02-10', 1),
('Laikasgoth@gmail.com', 'Iathbel@gmail.com', '2014-03-01', 1),
('Mantoldain@gmail.com', 'Ionhimbil@gmail.com', '2014-04-29', 1),
('Mantoldain@gmail.com', 'Quendbethque@gmail.com', '2014-02-13', 1),
('Marob@gmail.com', 'Ethmecheld@gmail.com', '2014-03-22', 0),
('Mechlorman@gmail.com', 'Aurgonien@gmail.com', '2014-04-11', 0),
('Mechlorman@gmail.com', 'Elshebdothque@gmail.com', '2014-05-17', 1),
('Mechlorman@gmail.com', 'Gasithfar@gmail.com', '2014-05-10', 0),
('Mechlorman@gmail.com', 'Ionobe@gmail.com', '2014-02-06', 1),
('Mechlorman@gmail.com', 'Mirgalsim@gmail.com', '2014-02-23', 1),
('Melhim@gmail.com', 'Cirdothaur@gmail.com', '2014-03-11', 1),
('Melhim@gmail.com', 'Terindil@gmail.com', '2014-05-01', 0),
('Minaurman@gmail.com', 'Morril@gmail.com', '2014-04-10', 1),
('Minaurman@gmail.com', 'Vienling@gmail.com', '2014-04-19', 0),
('Mirgalsim@gmail.com', 'Borlur@gmail.com', '2014-05-10', 1),
('Mirgalsim@gmail.com', 'Elshebdothque@gmail.com', '2014-02-13', 1),
('Mirgalsim@gmail.com', 'Terindil@gmail.com', '2014-04-07', 1),
('Morril@gmail.com', 'Gothdor@gmail.com', '2014-04-29', 1),
('Morril@gmail.com', 'Marob@gmail.com', '2014-04-09', 1),
('Obbareor@gmail.com', 'Halmorre@gmail.com', '2014-05-14', 1),
('Obbareor@gmail.com', 'Hunfirlim@gmail.com', '2014-05-15', 1),
('Quendbethque@gmail.com', 'Iathbel@gmail.com', '2014-05-08', 0),
('Quendbethque@gmail.com', 'Morril@gmail.com', '2014-04-10', 0),
('Quendbethque@gmail.com', 'Vanam@gmail.com', '2014-05-05', 0),
('Ranfalmalre@gmail.com', 'Aurgonien@gmail.com', '2014-05-14', 1),
('Rinerharie@gmail.com', 'Ethmecheld@gmail.com', '2014-02-23', 0),
('Rinerharie@gmail.com', 'Gasithfar@gmail.com', '2014-04-18', 1),
('Rocbilper@gmail.com', 'Dilegdor@gmail.com', '2014-05-17', 1),
('Rocbilper@gmail.com', 'Limrielre@gmail.com', '2014-05-11', 1),
('Sarunbeor@gmail.com', 'Minaurman@gmail.com', '2014-04-19', 1),
('Sarunbeor@gmail.com', 'Vanam@gmail.com', '2014-05-13', 0),
('Simheling@gmail.com', 'Aurgonien@gmail.com', '2014-04-06', 1),
('Simheling@gmail.com', 'Sarunbeor@gmail.com', '2014-04-01', 1),
('Terindil@gmail.com', 'Darrogsenae@gmail.com', '2014-05-15', 1),
('Theodhal@gmail.com', 'Darrogsenae@gmail.com', '2014-05-15', 1),
('Theodhal@gmail.com', 'Malbaneath@gmail.com', '2014-04-16', 1),
('Theodhal@gmail.com', 'Mantoldain@gmail.com', '2014-05-07', 1),
('Vanam@gmail.com', 'Aurgonien@gmail.com', '2014-05-17', 1),
('Vanam@gmail.com', 'Dilegdor@gmail.com', '2014-05-09', 0),
('Vanam@gmail.com', 'Ionhimbil@gmail.com', '2014-04-30', 1),
('Vanam@gmail.com', 'Melhim@gmail.com', '2014-05-17', 1),
('Vanam@gmail.com', 'Morril@gmail.com', '2014-04-29', 1),
('Vienling@gmail.com', 'Terindil@gmail.com', '2014-02-04', 1);

-- --------------------------------------------------------

--
-- Structure de la table `publication`
--

CREATE TABLE IF NOT EXISTS `publication` (
  `url` varchar(200) COLLATE utf8_bin NOT NULL,
  `title` varchar(1000) COLLATE utf8_bin NOT NULL,
  `releaseDate` date NOT NULL,
  `description` text COLLATE utf8_bin NOT NULL,
  `image` varchar(500) COLLATE utf8_bin DEFAULT NULL,
  PRIMARY KEY (`url`)
) ENGINE=InnoDB DEFAULT CHARSET=utf8 COLLATE=utf8_bin;

--
-- Contenu de la table `publication`
--

INSERT INTO `publication` (`url`, `title`, `releaseDate`, `description`, `image`) VALUES
('http://feedproxy.google.com/~r/KorbensBlog-UpgradeYourMind/~3/165KQQLrQFw/monument-valley-test.html', 'Monument Valley – Le test', '2014-05-15', '\n\n', 'file:////D://Users//Simon//Desktop//Projet Git//BDD//src//javafx//icons//rss_icon.png'),
('http://feedproxy.google.com/~r/KorbensBlog-UpgradeYourMind/~3/1Zk87Po1e_U/glorious-leader.html', 'Glorious Leader', '2014-05-14', '\n\n', 'file:////D://Users//Simon//Desktop//Projet Git//BDD//src//javafx//icons//rss_icon.png'),
('http://feedproxy.google.com/~r/KorbensBlog-UpgradeYourMind/~3/2IgtQdCF90E/lediteur-distraction-free-lauteur-game-of-thrones.html', 'L’éditeur « Distraction Free » de l’auteur de Game of Thrones', '2014-05-15', '\n\n', 'file:////D://Users//Simon//Desktop//Projet Git//BDD//src//javafx//icons//rss_icon.png'),
('http://feedproxy.google.com/~r/KorbensBlog-UpgradeYourMind/~3/2Ygow8pz6r0/warsow-petit-fps-freeware-quil-faut.html', 'Warsow – Le petit FPS freeware qu’il vous faut', '2014-05-16', '\n\n', 'file:////D://Users//Simon//Desktop//Projet Git//BDD//src//javafx//icons//rss_icon.png'),
('http://feedproxy.google.com/~r/KorbensBlog-UpgradeYourMind/~3/3ImtY171d4I/octotree.html', 'Octotree – Faites grimper Github dans l’arbre', '2014-05-14', '\n\n', 'file:////D://Users//Simon//Desktop//Projet Git//BDD//src//javafx//icons//rss_icon.png'),
('http://feedproxy.google.com/~r/KorbensBlog-UpgradeYourMind/~3/5koQwbjrjR8/oinker-les-radioamateurs-envoyer-emails-les-ondes.html', 'Oinker pour les radioamateurs – Envoyer des emails sur les ondes', '2014-05-13', '\n\n', 'file:////D://Users//Simon//Desktop//Projet Git//BDD//src//javafx//icons//rss_icon.png'),
('http://feedproxy.google.com/~r/KorbensBlog-UpgradeYourMind/~3/5o7unSwgK04/the-flash-revient-nouvelle-serie.html', 'The Flash revient dans une nouvelle série', '2014-05-16', '\n\n', 'file:////D://Users//Simon//Desktop//Projet Git//BDD//src//javafx//icons//rss_icon.png'),
('http://feedproxy.google.com/~r/KorbensBlog-UpgradeYourMind/~3/9KouzuyLzqY/hackathon-special-dsi-demain.html', 'Hackathon spécial « DSI de demain »', '2014-05-13', '\n\n', 'file:////D://Users//Simon//Desktop//Projet Git//BDD//src//javafx//icons//rss_icon.png'),
('http://feedproxy.google.com/~r/KorbensBlog-UpgradeYourMind/~3/CxnTvY5ID2c/scpp-totalement-ramasse.html', 'La SCPP totalement à la ramasse', '2014-05-15', '\n\n', 'file:////D://Users//Simon//Desktop//Projet Git//BDD//src//javafx//icons//rss_icon.png'),
('http://feedproxy.google.com/~r/KorbensBlog-UpgradeYourMind/~3/Fqf9QgkSl4o/nofilter-instagram-oh-vraiment.html', 'Un #nofilter sur Instagram ? Oh vraiment ?', '2014-05-14', '\n\n', 'file:////D://Users//Simon//Desktop//Projet Git//BDD//src//javafx//icons//rss_icon.png'),
('http://feedproxy.google.com/~r/KorbensBlog-UpgradeYourMind/~3/HyJxvVU9Jpw/firefox-29-classic-theme-restorer.html', 'Firefox 29 – L’extension pour ceux qui n’aiment pas la nouvelle interface Australis', '2014-05-13', '\n\n', 'file:////D://Users//Simon//Desktop//Projet Git//BDD//src//javafx//icons//rss_icon.png'),
('http://feedproxy.google.com/~r/KorbensBlog-UpgradeYourMind/~3/IMYgL0M29ms/yahoo-news-digest.html', 'L’essentiel de l’information internationale sur votre smartphone', '2014-05-13', '\n\n', 'file:////D://Users//Simon//Desktop//Projet Git//BDD//src//javafx//icons//rss_icon.png'),
('http://feedproxy.google.com/~r/KorbensBlog-UpgradeYourMind/~3/Ixn2fm24F5k/shellcheck.html', 'Debuggez vos scripts shell', '2014-05-14', '\n\n', 'file:////D://Users//Simon//Desktop//Projet Git//BDD//src//javafx//icons//rss_icon.png'),
('http://feedproxy.google.com/~r/KorbensBlog-UpgradeYourMind/~3/JtMmOhEJf4o/allez-courage-cest-bientot-les-vacances.html', 'Allez courage, c’est bientôt les vacances', '2014-05-13', '\n\n', 'file:////D://Users//Simon//Desktop//Projet Git//BDD//src//javafx//icons//rss_icon.png'),
('http://feedproxy.google.com/~r/KorbensBlog-UpgradeYourMind/~3/KFeMO1WXYFY/spotify-chromecast.html', 'Spotify sur la ChromeCast', '2014-05-14', '\n\n', 'file:////D://Users//Simon//Desktop//Projet Git//BDD//src//javafx//icons//rss_icon.png'),
('http://feedproxy.google.com/~r/KorbensBlog-UpgradeYourMind/~3/N3S5VVG46Jo/10-bidouilles-connaitre.html', '10 bidouilles à connaitre', '2014-05-14', '\n\n', 'file:////D://Users//Simon//Desktop//Projet Git//BDD//src//javafx//icons//rss_icon.png'),
('http://feedproxy.google.com/~r/KorbensBlog-UpgradeYourMind/~3/N__srCWb01M/hopper-savoir-acheter-billet-davion.html', 'Hopper – Pour savoir quand acheter votre billet d’avion', '2014-05-13', '\n\n', 'file:////D://Users//Simon//Desktop//Projet Git//BDD//src//javafx//icons//rss_icon.png'),
('http://feedproxy.google.com/~r/KorbensBlog-UpgradeYourMind/~3/PWpi3s7D76U/prodigy.html', 'Découvrez Prodigy et gagnez des figurines', '2014-05-15', '\n\n', 'file:////D://Users//Simon//Desktop//Projet Git//BDD//src//javafx//icons//rss_icon.png'),
('http://feedproxy.google.com/~r/KorbensBlog-UpgradeYourMind/~3/Q-w0h6g4bhY/savoir-les-licences-creative-commons-en-2-min.html', 'Tout savoir sur les licences Creative Commons en 2 min', '2014-05-14', '\n\n', 'file:////D://Users//Simon//Desktop//Projet Git//BDD//src//javafx//icons//rss_icon.png'),
('http://feedproxy.google.com/~r/KorbensBlog-UpgradeYourMind/~3/SziJMRKqsVc/android-popcorn-time.html', 'Popcorn Time sur Android (non officielle)', '2014-05-10', '\n\n', 'file:////D://Users//Simon//Desktop//Projet Git//BDD//src//javafx//icons//rss_icon.png'),
('http://feedproxy.google.com/~r/KorbensBlog-UpgradeYourMind/~3/TozWvojGeHw/clones-disqus.html', 'Clones de Disqus', '2014-05-10', '\n\n', 'file:////D://Users//Simon//Desktop//Projet Git//BDD//src//javafx//icons//rss_icon.png'),
('http://feedproxy.google.com/~r/KorbensBlog-UpgradeYourMind/~3/Vxa12pDnBxk/comment-fabriquer-famille-simpsons-en-lego.html', 'Comment fabriquer la famille Simpsons en LEGO ?', '2014-05-14', '\n\n', 'file:////D://Users//Simon//Desktop//Projet Git//BDD//src//javafx//icons//rss_icon.png'),
('http://feedproxy.google.com/~r/KorbensBlog-UpgradeYourMind/~3/YU1112ObXXQ/amazon-file-500-coins-acheter-applications-android.html', 'Amazon vous file 500 coins pour acheter des applications Android', '2014-05-13', '\n\n', 'file:////D://Users//Simon//Desktop//Projet Git//BDD//src//javafx//icons//rss_icon.png'),
('http://feedproxy.google.com/~r/KorbensBlog-UpgradeYourMind/~3/lLz0vwKoJeA/babun-enfin-vrai-terminal-windows.html', 'Babun – Enfin un vrai terminal sous Windows', '2014-05-14', '\n\n', 'file:////D://Users//Simon//Desktop//Projet Git//BDD//src//javafx//icons//rss_icon.png'),
('http://feedproxy.google.com/~r/KorbensBlog-UpgradeYourMind/~3/niH1w782DC4/jumpcut-multiple-copier-coller-osx.html', 'Jumpcut – Une mémoire tampon pour vos copier/coller sous OSX', '2014-05-13', '\n\n', 'file:////D://Users//Simon//Desktop//Projet Git//BDD//src//javafx//icons//rss_icon.png'),
('http://feedproxy.google.com/~r/KorbensBlog-UpgradeYourMind/~3/nojHXs_FFjw/syncthing.html', 'Syncthing – Un clone de BTSync pour se débarrasser de Dropbox', '2014-05-14', '\n\n', 'file:////D://Users//Simon//Desktop//Projet Git//BDD//src//javafx//icons//rss_icon.png'),
('http://feedproxy.google.com/~r/KorbensBlog-UpgradeYourMind/~3/o_W91jWmdf0/drm-mozilla-pris-bonne-decision.html', 'DRM – Pourquoi Mozilla a pris la bonne décision', '2014-05-15', '\n\n', 'file:////D://Users//Simon//Desktop//Projet Git//BDD//src//javafx//icons//rss_icon.png'),
('http://feedproxy.google.com/~r/KorbensBlog-UpgradeYourMind/~3/omeffpCDk8Y/les-cosplays-calgary-expo-2014.html', 'Les cosplays de Calgary Expo 2014', '2014-05-13', '\n\n', 'file:////D://Users//Simon//Desktop//Projet Git//BDD//src//javafx//icons//rss_icon.png'),
('http://feedproxy.google.com/~r/KorbensBlog-UpgradeYourMind/~3/u42y-HxMp4M/15-comics-batman-gagner-jolis-fonds-decran.html', '15 Comics Batman à gagner + de jolis fonds d’écran', '2014-05-14', '\n\n', 'file:////D://Users//Simon//Desktop//Projet Git//BDD//src//javafx//icons//rss_icon.png'),
('http://feedproxy.google.com/~r/KorbensBlog-UpgradeYourMind/~3/urokiKBEviM/nuit-du-hack-2014-10-places-gagner.html', 'Nuit du Hack 2014 – 10 places à gagner', '2014-05-14', '\n\n', 'file:////D://Users//Simon//Desktop//Projet Git//BDD//src//javafx//icons//rss_icon.png'),
('http://rss.feedsportal.com/c/808/f/413796/s/3a6d3069/sc/27/l/0L0Sjeuxvideo0N0Cnews0C20A140C0A0A0A720A90A0Eimages0Ede0Efreedom0Ewars0Bhtm/story01.htm', 'Images de Freedom Wars', '2014-05-14', 'L&apos;un des prochains titres développés par Sony Japan Studio se nomme Freedom Wars. Il s&apos;agira d&apos;un jeu à l&apos;ambiance futuriste à paraître sur PS Vita. Durant l&apos;ère PT 102014, la planète Terre sera totalement rongée par la pollution, forçant les(...)', 'file:////D://Users//Simon//Desktop//Projet Git//BDD//src//javafx//icons//rss_icon.png'),
('http://rss.feedsportal.com/c/808/f/413796/s/3a6db134/sc/23/l/0L0Sjeuxvideo0N0Cnews0C20A140C0A0A0A720A910Ealone0Ein0Ethe0Edark0Ede0Eretour0Esur0Eios0Bhtm/story01.htm', 'Alone in the Dark de retour sur iOS', '2014-05-14', 'Même s&apos;il a préféré annuler le remake d&apos;Alone in the Dark que préparait Eden Games il y a quelques années, Atari n&apos;a pas totalement oublié la série. La preuve, le tout premier volet ressort cette nuit sur iOS. Il s&apos;agit vraisemblablement d&apos;un(...)', 'file:////D://Users//Simon//Desktop//Projet Git//BDD//src//javafx//icons//rss_icon.png'),
('http://rss.feedsportal.com/c/808/f/413796/s/3a6dbf57/sc/23/l/0L0Sjeuxvideo0N0Cnews0C20A140C0A0A0A720A930Eflappy0Ebird0Erevient0Een0Eaout0Bhtm/story01.htm', 'Flappy Bird revient en août', '2014-05-14', 'Il vous a énervé. Il a reçu vos pires insultes. L&apos;oiseau le plus détesté des jeux vidéo prépare son retour. Grâce à une interview de CNBC, on apprend en effet que Flappy Bird doit revenir dans une nouvelle version au mois d&apos;août. Selon le(...)', 'file:////D://Users//Simon//Desktop//Projet Git//BDD//src//javafx//icons//rss_icon.png'),
('http://rss.feedsportal.com/c/808/f/413796/s/3a6dc954/sc/27/l/0L0Sjeuxvideo0N0Cnews0C20A140C0A0A0A720A920Enintendo0Ese0Eprepare0Epour0El0Eapres0Ewii0Eu0Bhtm/story01.htm', 'Nintendo se prépare pour l&apos;après Wii U', '2014-05-14', 'Lorsque le président de Nintendo, Saturo Iwata, tente de rassurer les investisseurs, il le fait d&apos;une drôle de manière. Au lieu de leur parler de la Wii U et de nouveaux jeux capables de redresser la courbe de ventes de la machine, il évoque(...)', 'file:////D://Users//Simon//Desktop//Projet Git//BDD//src//javafx//icons//rss_icon.png'),
('http://rss.feedsportal.com/c/808/f/413796/s/3a715e99/sc/27/l/0L0Sjeuxvideo0N0Carticles0C0A0A0A10C0A0A0A1960A90Emario0Ekart0E80Etest0Bhtm/story01.htm', 'Test : Mario Kart 8 - Wii U', '2014-05-15', 'Si vous connaissez un tant soit peu la série Mario Kart, vous savez que chaque épisode apporte sa petite nouveauté. Mario Kart Wii avait son volant et ses motos, Mario Kart 7 avait ses deltaplanes et ses passages sous-marins, et Mario Kart 8 a(...)', 'file:////D://Users//Simon//Desktop//Projet Git//BDD//src//javafx//icons//rss_icon.png'),
('http://rss.feedsportal.com/c/808/f/413796/s/3a71e92e/sc/27/l/0L0Sjeuxvideo0N0Cnews0C20A140C0A0A0A720A950Eplaystation0Enow0Eune0Ecentaine0Ede0Ejeux0Edisponibles0Eau0Elancement0Bhtm/story01.htm', 'PlayStation Now : Une centaine de jeux disponibles au lancement', '2014-05-15', 'Sony a profité d&apos;un événement privé pour dévoiler quelques informations sur le service PlayStation Now. En bêta fermée depuis quelques mois, il devrait proposer une centaine de jeux à son lancement selon les dires du constructeur. Pour rappel(...)', 'file:////D://Users//Simon//Desktop//Projet Git//BDD//src//javafx//icons//rss_icon.png'),
('http://rss.feedsportal.com/c/808/f/413796/s/3a71f3e2/sc/23/l/0L0Sjeuxvideo0N0Cnews0C20A140C0A0A0A720A970Ediablo0E30Echances0Ede0Eloots0Elegendaires0Edoublees0Bhtm/story01.htm', 'Diablo 3 : chances de loots légendaires doublées !', '2014-05-15', 'Cela fait deux ans maintenant que les fans de Diablo 3 arpentent les recoins de Sanctuaire, en quête de gloire, d&apos;or et surtout de loot. Réjouissez-vous, Blizzard a pensé à vous et vous invite à célébrer cet anniversaire comme il se doit. En effet,(...)', 'file:////D://Users//Simon//Desktop//Projet Git//BDD//src//javafx//icons//rss_icon.png'),
('http://rss.feedsportal.com/c/808/f/413796/s/3a727a94/sc/27/l/0L0Sjeuxvideo0N0Cvideos0Eediteurs0C0A0A0A50C0A0A0A524530Cgrid0Eautosport0Epc0Edu0Egameplay0Eet0Edes0Epilotes0E0A0A120A580A0Bhtm/story01.htm', 'Vidéo : GRID : Autosport - Du gameplay et des pilotes - 360 - PS3 - PC', '2014-05-15', 'Grid Autosport dévoile davantage de gameplay dans cette vidéo, largement étoffée par les commentaires de pilotes de prestige, qui reviennent chacun à leur manière sur les difficultés de la pratique du sport automobile.', 'file:////D://Users//Simon//Desktop//Projet Git//BDD//src//javafx//icons//rss_icon.png'),
('http://rss.feedsportal.com/c/808/f/413796/s/3a727a9a/sc/27/l/0L0Sjeuxvideo0N0Cnews0C20A140C0A0A0A720A990Ephilips0Eattaque0Enintendo0Een0Ejustice0Bhtm/story01.htm', 'Philips attaque Nintendo en justice', '2014-05-15', 'Un post sur les forums NeoGaf semble indiquer que Philips a déposé une plainte contre Nintendo pour violation de brevets. Ces derniers concernent principalement la technologie de reconnaissance de mouvements de la Wii et de la Wii U. La société(...)', 'file:////D://Users//Simon//Desktop//Projet Git//BDD//src//javafx//icons//rss_icon.png'),
('http://rss.feedsportal.com/c/808/f/413796/s/3a7285e5/sc/27/l/0L0Sjeuxvideo0N0Cvideos0Eediteurs0C0A0A0A50C0A0A0A527240Cbombshell0Eplaystation0E40Eps40Epremier0Etrailer0E0A0A120A5750Bhtm/story01.htm', 'Vidéo : Bombshell - Premier trailer - PC - PS4', '2014-05-15', '3D Realms vient d&apos;annoncer son prochain projet sur PC et PS4, Bombshell. Développé par Interceptor Entertainment, Bombshell est un action-RPG en vue isométrique mettant en scène une héroïne qui doit lutter contre une invasion alien pour sauver(...)', 'file:////D://Users//Simon//Desktop//Projet Git//BDD//src//javafx//icons//rss_icon.png'),
('http://rss.feedsportal.com/c/808/f/413796/s/3a7285eb/sc/27/l/0L0Sjeuxvideo0N0Cnews0C20A140C0A0A0A720A960Eduke0Enukem0Edevient0Ebombshell0Bhtm/story01.htm', 'Duke Nukem devient Bombshell', '2014-05-15', 'Souvenez-vous, il y a un mois, 3D Realms avait lancé le site nogumneeded.com. Faute de pouvoir exploiter la licence Duke Nukem, l&apos;éditeur présente Bombshell. Développé par Interceptor Entertainment (Rise of the Triad), Bombshell est un action /(...)', 'file:////D://Users//Simon//Desktop//Projet Git//BDD//src//javafx//icons//rss_icon.png'),
('http://rss.feedsportal.com/c/808/f/413796/s/3a7472c7/sc/27/l/0L0Sjeuxvideo0N0Cnews0C20A140C0A0A0A7210A10Eun0Ebundle0Etales0Eof0Eannonce0Bhtm/story01.htm', 'Un bundle Tales of annoncé', '2014-05-15', 'Bandai Namco nous annonce via un communiqué qu&apos;un bundle réunissant Tales of Graces f et Tales of Xillia est désormais disponible sur le PSN au prix de 44,99 €. De quoi ravir les fans ou inciter les néophytes à franchir le pas ! Pour profiter de(...)', 'file:////D://Users//Simon//Desktop//Projet Git//BDD//src//javafx//icons//rss_icon.png'),
('http://rss.feedsportal.com/c/808/f/413796/s/3a747b8c/sc/27/l/0L0Sjeuxvideo0N0Cnews0C20A140C0A0A0A7210A0A0Emonochroma0Edisponible0Esur0Esteam0Ele0E280Emai0Bhtm/story01.htm', 'Monochroma disponible sur Steam le 28 mai', '2014-05-15', 'Nowhere Studios nous annonce aujourd&apos;hui la sortie officielle de son bébé Monochroma. Ce dernier sera disponible sur Steam le 28 mai prochain. Pour rappel, il s&apos;agit là d&apos;un jeu de plates-formes / réflexion rappelant un certain Limbo, de par(...)', 'file:////D://Users//Simon//Desktop//Projet Git//BDD//src//javafx//icons//rss_icon.png'),
('http://rss.feedsportal.com/c/808/f/413796/s/3a74d78c/sc/27/l/0L0Sjeuxvideo0N0Cvideos0Eediteurs0C0A0A0A40C0A0A0A428930Cenemy0Efront0Epc0Eexecution0Een0Efinesse0E0A0A120A5840Bhtm/story01.htm', 'Vidéo : Enemy Front - Exécution en finesse - 360 - PS3 - PC', '2014-05-15', 'Enemy Front vous place directement derrière les lignes ennemies pour des missions de sabotage. La finesse est donc plus que recommandée pour parvenir à remplir vos objectifs.', 'file:////D://Users//Simon//Desktop//Projet Git//BDD//src//javafx//icons//rss_icon.png'),
('http://rss.feedsportal.com/c/808/f/413796/s/3a74d791/sc/23/l/0L0Sjeuxvideo0N0Cnews0C20A140C0A0A0A7210A30Estar0Ecitizen0Ele0Eplein0Ed0Eimages0Eavant0Ela0Edate0Ede0Esortie0Edu0Edogfight0Bhtm/story01.htm', 'Star Citizen : Le plein d&apos;images avant la date de sortie du DogFight', '2014-05-15', 'En attendant la sortie du module de Dogfight, depuis renommé Arena Commander, vous pouvez depuis quelques jours admirer de nouvelles captures d&apos;écran et de beaux artworks liés au projet de crowdfunding vidéoludique PC le plus suivi de la planète :(...)', 'file:////D://Users//Simon//Desktop//Projet Git//BDD//src//javafx//icons//rss_icon.png'),
('http://rss.feedsportal.com/c/808/f/413796/s/3a74d792/sc/23/l/0L0Sjeuxvideo0N0Cnews0C20A140C0A0A0A7210A20Ejapan0Eexpo0E20A140Eles0Epremiers0Einvites0Ede0Ebandai0Enamco0Bhtm/story01.htm', 'Japan Expo 2014 : Les premiers invités de Bandai Namco', '2014-05-15', 'Une semaine après nous avoir annoncé son lineup à Japan Expo, Bandai Namco nous présente cette fois-ci ses premiers invités, tous issus de l&apos;équipe derrière le projet Rise of Incarnates, un jeu de combat 2c2 frénétique. Michael Murray(...)', 'file:////D://Users//Simon//Desktop//Projet Git//BDD//src//javafx//icons//rss_icon.png'),
('http://rss.feedsportal.com/c/808/f/413796/s/3a74d793/sc/23/l/0L0Sjeuxvideo0N0Cnews0C20A140C0A0A0A7210A40Emurasaki0Ebaby0Ese0Ela0Ejoue0Etim0Eburton0Bhtm/story01.htm', 'Murasaki Baby se la joue Tim Burton', '2014-05-15', 'Si comme nous, vous avez été emballé par l&apos;annonce de Murasaki Baby lors de la gamescom l&apos;année dernière, vous devez attendre des nouvelles du titre avec grande impatience. Ces quelques gifs animés illustrant des phases de gameplay devraient(...)', 'file:////D://Users//Simon//Desktop//Projet Git//BDD//src//javafx//icons//rss_icon.png'),
('http://rss.feedsportal.com/c/808/f/413796/s/3a7554a3/sc/23/l/0L0Sjeuxvideo0N0Carticles0C0A0A0A10C0A0A0A196110Ethe0Ewalking0Edead0Esaison0E20Eepisode0E30Ein0Eharm0Es0Eway0Etest0Bhtm/story01.htm', 'Test : The Walking Dead : Saison 2 : Episode 3 : In Harm&apos;s Way - PC', '2014-05-15', 'Centre commercial de détention Suite au grand festival de la pétoire qui concluait l&apos;épisode 2, le groupe a donc rejoint le camp de Carver, établi dans un vaste centre commercial transformé en forteresse doublée d&apos;une prison pour Clémentine et(...)', 'file:////D://Users//Simon//Desktop//Projet Git//BDD//src//javafx//icons//rss_icon.png'),
('http://rss.feedsportal.com/c/808/f/413796/s/3a7554b5/sc/23/l/0L0Sjeuxvideo0N0Carticles0C0A0A0A10C0A0A0A196120Ethe0Ewalking0Edead0Esaison0E20Eepisode0E30Ein0Eharm0Es0Eway0Etest0Bhtm/story01.htm', 'Test : The Walking Dead : Saison 2 : Episode 3 : In Harm&apos;s Way - PlayStation 3', '2014-05-15', 'Centre commercial de détention Suite au grand festival de la pétoire qui concluait l&apos;épisode 2, le groupe a donc rejoint le camp de Carver, établi dans un vaste centre commercial transformé en forteresse doublée d&apos;une prison pour Clémentine et(...)', 'file:////D://Users//Simon//Desktop//Projet Git//BDD//src//javafx//icons//rss_icon.png'),
('http://rss.feedsportal.com/c/808/f/413796/s/3a7554bb/sc/23/l/0L0Sjeuxvideo0N0Carticles0C0A0A0A10C0A0A0A196130Ethe0Ewalking0Edead0Esaison0E20Eepisode0E30Ein0Eharm0Es0Eway0Etest0Bhtm/story01.htm', 'Test : The Walking Dead : Saison 2 : Episode 3 : In Harm&apos;s Way - Xbox 360', '2014-05-15', 'Centre commercial de détention Suite au grand festival de la pétoire qui concluait l&apos;épisode 2, le groupe a donc rejoint le camp de Carver, établi dans un vaste centre commercial transformé en forteresse doublée d&apos;une prison pour Clémentine et(...)', 'file:////D://Users//Simon//Desktop//Projet Git//BDD//src//javafx//icons//rss_icon.png'),
('http://rss.feedsportal.com/c/808/f/413796/s/3a7554c0/sc/23/l/0L0Sjeuxvideo0N0Carticles0C0A0A0A10C0A0A0A196140Ethe0Ewalking0Edead0Esaison0E20Eepisode0E30Ein0Eharm0Es0Eway0Etest0Bhtm/story01.htm', 'Test : The Walking Dead : Saison 2 : Episode 3 : In Harm&apos;s Way - Mac', '2014-05-15', 'Centre commercial de détention Suite au grand festival de la pétoire qui concluait l&apos;épisode 2, le groupe a donc rejoint le camp de Carver, établi dans un vaste centre commercial transformé en forteresse doublée d&apos;une prison pour Clémentine et(...)', 'file:////D://Users//Simon//Desktop//Projet Git//BDD//src//javafx//icons//rss_icon.png'),
('http://rss.feedsportal.com/c/808/f/413796/s/3a7554c5/sc/23/l/0L0Sjeuxvideo0N0Cvideos0Eediteurs0C0A0A0A40C0A0A0A440A870Cwar0Ethunder0Epc0Ela0Emise0Ea0Ejour0E10E410E0A0A120A5880Bhtm/story01.htm', 'Vidéo : War Thunder - La mise à jour 1.41 - PS4 - PC', '2014-05-15', 'War Thunder étoffe son contenu mois après mois. La mise à jour 1.41 apporte de nouveaux avions, des améliorations visuelles et bien d&apos;autres choses détaillées dans cette vidéo.', 'file:////D://Users//Simon//Desktop//Projet Git//BDD//src//javafx//icons//rss_icon.png'),
('http://rss.feedsportal.com/c/808/f/413796/s/3a7554c9/sc/27/l/0L0Sjeuxvideo0N0Cnews0C20A140C0A0A0A7210A50Ecd0Eprojekt0Eet0Ewitcher0E30Echangent0Ede0Elogo0Bhtm/story01.htm', 'CD Projekt et Witcher 3 changent de logo !', '2014-05-15', 'Les développeurs polonais de chez CD Projekt ont envoyé un message clair en cette belle semaine de mai : ce sont des rebelles ! En effet, le studio et son petit bébé tant attendu The Witcher 3 (qui sortira en février 2015 sur PC, PlayStation 4 et(...)', 'file:////D://Users//Simon//Desktop//Projet Git//BDD//src//javafx//icons//rss_icon.png'),
('http://rss.feedsportal.com/c/808/f/413796/s/3a76278b/sc/37/l/0L0Sjeuxvideo0N0Cnews0C20A140C0A0A0A7210A60Ecounter0Estrike0Een0Etotale0Evr0Eca0Edonne0Equoi0Bhtm/story01.htm', 'Counter Strike en totale VR, ça donne quoi ?', '2014-05-15', 'Vous connaissez peut-être le tapis Omni de la société Virtuix, un dispositif physique permettant de capter vos mouvements pour les retransmettre dans le jeu. Vos déplacements se font donc par votre propre corps pour optimiser l&apos;immersion(...)', 'file:////D://Users//Simon//Desktop//Projet Git//BDD//src//javafx//icons//rss_icon.png'),
('http://rss.feedsportal.com/c/808/f/413796/s/3a762c56/sc/27/l/0L0Sjeuxvideo0N0Cnews0C20A140C0A0A0A7210A70Eles0Edeux0Edead0Eisland0Ereunis0Ea0Epetit0Eprix0Bhtm/story01.htm', 'Les deux Dead Island réunis à petit prix !', '2014-05-15', 'Deep Silver vient de sortir une compilation des deux épisodes de Dead Island pour PC, Xbox 360 et PlayStation 3 au prix appréciable de 29,99 €. La galette comprendra donc la version GOTY du premier opus ainsi que la Complete Edition de Riptide. Les(...)', 'file:////D://Users//Simon//Desktop//Projet Git//BDD//src//javafx//icons//rss_icon.png'),
('http://rss.feedsportal.com/c/808/f/413796/s/3a76b723/sc/23/l/0L0Sjeuxvideo0N0Carticles0C0A0A0A10C0A0A0A19610A0Ethe0Eamazing0Espider0Eman0E20Etest0Bhtm/story01.htm', 'Test : The Amazing Spider-Man 2 - Nintendo 3DS', '2014-05-15', 'A l&apos;instar ou presque des autres versions, l&apos;entame de jeu présente la mort de l&apos;oncle Ben, ou plus précisément le désarroi de Peter, annonciateur bientôt du nôtre. Seulement, il s&apos;agit en l’occurrence d&apos;une courte séquence cinématique mettant(...)', 'file:////D://Users//Simon//Desktop//Projet Git//BDD//src//javafx//icons//rss_icon.png'),
('http://rss.feedsportal.com/c/808/f/413796/s/3a76b726/sc/27/l/0L0Sjeuxvideo0N0Cnews0C20A140C0A0A0A7210A80Epas0Ede0Epanique0Ewitcher0E30Ene0Esera0Epas0Erepousse0Ea0Enouveau0Bhtm/story01.htm', 'Pas de panique, Witcher 3 ne sera pas repoussé à nouveau...', '2014-05-15', 'Le très très très attendu RPG de CD Projekt, The Witcher 3, attendu pour février 2015 sur PC, Xbox One et PlayStation 4, ne souffrira pas d&apos;un nouveau report, selon les dires de Marcin Iwinski, cofondateur du studio. L&apos;homme s&apos;est en effet(...)', 'file:////D://Users//Simon//Desktop//Projet Git//BDD//src//javafx//icons//rss_icon.png'),
('http://rss.feedsportal.com/c/808/f/413796/s/3a76b72c/sc/23/l/0L0Sjeuxvideo0N0Cnews0C20A140C0A0A0A7210A90Efar0Ecry0E40Edate0Ede0Esortie0Eet0Eimage0Bhtm/story01.htm', 'Far Cry 4 : date de sortie et image !', '2014-05-15', 'Le Far Cry 4 d&apos;Ubisoft vient d&apos;être &quot;officiellement&quot; annoncé par Ubisoft, et la sortie du titre serait prévue pour l&apos;exercice 2014-2015. Enfin, officiellement, c&apos;est un bien grand mot puisqu&apos;il fallait premièrement fouiller un communiqué sur(...)', 'file:////D://Users//Simon//Desktop//Projet Git//BDD//src//javafx//icons//rss_icon.png'),
('http://rss.feedsportal.com/c/808/f/413796/s/3a76fdfd/sc/23/l/0L0Sjeuxvideo0N0Cnews0C20A140C0A0A0A72110A0Ewatch0Edogs0Edes0Eprecommandes0Ehistoriques0Bhtm/story01.htm', 'Watch Dogs : Des précommandes historiques', '2014-05-15', 'Ubisoft l&apos;a annoncé : son année sera marquée par 5 jeux majeurs : Assassin’s Creed Unity, Far Cry 4, Just Dance, The Crew et Watch Dogs. En ce qui concerne ce dernier, les précommandes vont bon train et laissent présager de gros volumes de(...)', 'file:////D://Users//Simon//Desktop//Projet Git//BDD//src//javafx//icons//rss_icon.png'),
('http://rss.feedsportal.com/c/808/f/413796/s/3a7725ff/sc/23/l/0L0Sjeuxvideo0N0Cnews0C20A140C0A0A0A720A940Ehearthstone0Ecup0Ejour0E110Edemi0Efinale0Bhtm/story01.htm', 'HearthStone Cup - Jour 11 : Demi-Finale', '2014-05-15', 'Oyez, oyez, mesdames et messieurs ! Nous voici rendus dans le dernier carré de cette HearthStone Cup première du nom. Après plusieurs heures de vidéos, il est temps de découvrir qui se qualifiera pour la grande finale du tournoi. Le match(...)', 'file:////D://Users//Simon//Desktop//Projet Git//BDD//src//javafx//icons//rss_icon.png'),
('http://rss.feedsportal.com/c/808/f/413796/s/3a772a82/sc/23/l/0L0Sjeuxvideo0N0Cnews0C20A140C0A0A0A7210A90Epremiers0Edetails0Esur0Efar0Ecry0E40Bhtm/story01.htm', 'Premiers détails sur Far Cry 4', '2014-05-15', 'Le Far Cry 4 d&apos;Ubisoft vient d&apos;être officiellement annoncé et nous vous livrons les premiers détails communiqués par l&apos;éditeur. Date de sortie, environnement et scénario Côté date de sortie, on apprend que le titre sera disponible le 20 novembre(...)', 'file:////D://Users//Simon//Desktop//Projet Git//BDD//src//javafx//icons//rss_icon.png'),
('http://rss.feedsportal.com/c/808/f/413796/s/3a77e751/sc/23/l/0L0Sjeuxvideo0N0Cnews0C20A140C0A0A0A721110Ethe0Edivision0Erepousse0Ea0E20A150Bhtm/story01.htm', 'The Division repoussé à 2015', '2014-05-15', 'The Division, le jeu d&apos;action multijoueur inspiré par l&apos;univers de Tom Clancy, ne sera pas disponible cette année comme initialement annoncé par Ubisoft. C&apos;est désormais en 2015 qu&apos;il faut attendre le titre développé, entre autres, par Massive(...)', 'file:////D://Users//Simon//Desktop//Projet Git//BDD//src//javafx//icons//rss_icon.png'),
('http://rss.feedsportal.com/c/808/f/413796/s/3a77e753/sc/2/l/0L0Sjeuxvideo0N0Cnews0C20A140C0A0A0A721120Eubisoft0Eresultats0Een0Ebaisse0Esecteur0Edigital0Een0Ehausse0Bhtm/story01.htm', 'Ubisoft : Résultats en baisse, secteur digital en hausse', '2014-05-15', 'Vous vous en doutez peut-être en voyant les news Ubisoft s&apos;accumuler, l&apos;éditeur français a aujourd&apos;hui livré son chiffre d&apos;affaires et ses résultats pour l&apos;exercice fiscal 2013-2014, ainsi que ses perspectives pour 2014-2015. Par rapport à(...)', 'file:////D://Users//Simon//Desktop//Projet Git//BDD//src//javafx//icons//rss_icon.png'),
('http://rss.feedsportal.com/c/808/f/413796/s/3a7845d7/sc/27/l/0L0Sjeuxvideo0N0Cnews0C20A140C0A0A0A721140Eultra0Estreet0Efighter0E40Edates0Eet0Eprix0Bhtm/story01.htm', 'Ultra Street Fighter 4 : Dates et prix', '2014-05-15', 'Capcom confirme aujourd&apos;hui les prix et les dates de sortie pour Ultra Street Fighter 4. Les joueurs consoles qui possèdent déjà l&apos;une ou l&apos;autre des anciennes versions du jeu pourront télécharger une simple mise à jour sur le PlayStation Store(...)', 'file:////D://Users//Simon//Desktop//Projet Git//BDD//src//javafx//icons//rss_icon.png'),
('http://rss.feedsportal.com/c/808/f/413796/s/3a7886c5/sc/23/l/0L0Sjeuxvideo0N0Cnews0C20A140C0A0A0A721130Erayman0Efiesta0Erun0Ede0Enouveaux0Eniveaux0Eet0Epouvoirs0Bhtm/story01.htm', 'Rayman Fiesta Run : De nouveaux niveaux et pouvoirs', '2014-05-15', 'La première mise à jour de Rayman Fiesta Run permet de recevoir gratuitement 16 nouveaux niveaux, d&apos;ajouter 3 héros et de découvrir 7 nouveaux pouvoirs. Dans le lot, on trouve un bonus permettant de reprendre sa partie à un point de passage en(...)', 'file:////D://Users//Simon//Desktop//Projet Git//BDD//src//javafx//icons//rss_icon.png'),
('http://rss.feedsportal.com/c/808/f/413796/s/3a7896ba/sc/23/l/0L0Sjeuxvideo0N0Cvideos0Eediteurs0C0A0A0A50C0A0A0A527410Cheavy0Ebullets0Epc0Een0Eacces0Eanticipe0Esur0Esteam0E0A0A120A5920Bhtm/story01.htm', 'Vidéo : Heavy Bullets - En accès anticipé sur Steam - Mac - PC', '2014-05-15', 'Attention les yeux, Heavy Bullets n&apos;épargnera pas vos rétines avec ses couleurs flashy et ses effets stroboscopiques. S&apos;il se distingue déjà dans son design, Heavy Bullets est aussi particulier par son gameplay puisque vous n&apos;aurez que six(...)', 'file:////D://Users//Simon//Desktop//Projet Git//BDD//src//javafx//icons//rss_icon.png'),
('http://rss.feedsportal.com/c/808/f/413796/s/3a7896c1/sc/23/l/0L0Sjeuxvideo0N0Cnews0C20A140C0A0A0A721150Eheavy0Ebullets0Eun0Efps0Ea0Eballes0Elimitees0Bhtm/story01.htm', 'Heavy Bullets un FPS à balles limitées', '2014-05-15', 'Si l&apos;on met de côté les Sniper Elite et autre Ghost Warrior, les FPS sont généralement l&apos;occasion de faire s&apos;abattre une véritable pluie de balles sur l&apos;adversaire. Pas dans Heavy Bullets. Ce FPS bariolé vous confie un simple revolver six coups(...)', 'file:////D://Users//Simon//Desktop//Projet Git//BDD//src//javafx//icons//rss_icon.png'),
('http://rss.feedsportal.com/c/808/f/413796/s/3a7918bd/sc/23/l/0L0Sjeuxvideo0N0Cnews0C20A140C0A0A0A721160Enintendo0Eles0Etelechargements0Ede0Ela0Esemaine0Bhtm/story01.htm', 'Nintendo : Les téléchargements de la semaine', '2014-05-15', 'Que vous dire ? La mise à jour Nintendo est plutôt chiche cette semaine. Il n&apos;y a qu&apos;à voir la liste ci-dessous pour s&apos;en convaincre. Cela permet tout de même de mettre en valeur les rares titres présents, dont Kirby : Triple Deluxe qui marque(...)', 'file:////D://Users//Simon//Desktop//Projet Git//BDD//src//javafx//icons//rss_icon.png'),
('http://rss.feedsportal.com/c/808/f/413796/s/3a7c2a6a/sc/23/l/0L0Sjeuxvideo0N0Carticles0C0A0A0A10C0A0A0A196150Edemon0Egaze0Etest0Bhtm/story01.htm', 'Test : Demon Gaze - PlayStation Vita', '2014-05-16', 'L&apos;amnésie étant le fléau le plus répandu chez les héros de RPG japonais, Demon Gaze joue lui aussi la carte de la facilité en mettant en scène un personnage qui ne sait rien de son passé. Doté du « demon gaze », un œil diabolique qui lui permet(...)', 'file:////D://Users//Simon//Desktop//Projet Git//BDD//src//javafx//icons//rss_icon.png'),
('http://rss.feedsportal.com/c/808/f/413796/s/3a7d1e0b/sc/27/l/0L0Sjeuxvideo0N0Cnews0C20A140C0A0A0A721190E10A0Estudios0Esur0Eassassin0Es0Ecreed0Eunity0Bhtm/story01.htm', '10 studios sur Assassin&apos;s Creed Unity', '2014-05-16', 'Le rapport financier d&apos;Ubisoft qui nous est parvenu hier a apporté avec lui une généreuse quantité d&apos;informations sur les ambitions de l&apos;éditeur. Outre les données financières ou encore l&apos;annonce de Far Cry 4, nous apprenons que pas moins de 10(...)', 'file:////D://Users//Simon//Desktop//Projet Git//BDD//src//javafx//icons//rss_icon.png'),
('http://rss.feedsportal.com/c/808/f/413796/s/3a7d1e0e/sc/37/l/0L0Sjeuxvideo0N0Cnews0C20A140C0A0A0A72120A0Enba0E2k150Ecomprendra0E250Eequipes0Ed0Eeuroleague0Bhtm/story01.htm', 'NBA 2K15 comprendra 25 équipes d&apos;Euroleague', '2014-05-16', '2K entend prolonger son partenariat avec la ligue européenne de basket en incluant cette année 11 équipes supplémentaires dans son NBA 2K15. Parmi les heureux élus, on trouve notamment l&apos;équipe française de la JSF Nanterre, le Galatasaray et le(...)', 'file:////D://Users//Simon//Desktop//Projet Git//BDD//src//javafx//icons//rss_icon.png'),
('http://rss.feedsportal.com/c/808/f/413796/s/3a7d1e10/sc/23/l/0L0Sjeuxvideo0N0Cnews0C20A140C0A0A0A721210Edriveclub0Edeux0Enouveaux0Eextraits0Ede0Egameplay0Bhtm/story01.htm', '#DriveClub : Deux nouveaux extraits de gameplay !', '2014-05-16', 'Si vous vous demandiez ce qu&apos;allait donner le #DriveClub de la PlayStation 4, vous pouvez dès aujourd&apos;hui vous faire une idée de l&apos;état d&apos;avancement du titre grâce à deux nouvelles vidéos de gameplay, sans fioritures. Les extraits ont été(...)', 'file:////D://Users//Simon//Desktop//Projet Git//BDD//src//javafx//icons//rss_icon.png'),
('http://rss.feedsportal.com/c/808/f/413796/s/3a7d367f/sc/27/l/0L0Sjeuxvideo0N0Cmaking0Eof0C0A0A0A40C0A0A0A483740Cmind0Ezero0Eplaystation0Evita0Ele0Eboss0Eau0Emicro0E0A0A120A60A20Bhtm/story01.htm', 'Making of : Mind Zero - Le boss au micro - Vita', '2014-05-16', 'Le persona-like Mind Zero, prévu pour la Vita, se dévoile un peu plus aujourd&apos;hui avec un making of commenté par sieur Kawakami, l&apos;homme en charge du développement du titre.', 'file:////D://Users//Simon//Desktop//Projet Git//BDD//src//javafx//icons//rss_icon.png'),
('http://rss.feedsportal.com/c/808/f/413796/s/3a7d3688/sc/23/l/0L0Sjeuxvideo0N0Cvideos0Eediteurs0C0A0A0A50C0A0A0A527450Csuperhot0Epc0Epause0Electure0E0A0A120A60A60Bhtm/story01.htm', 'Vidéo : SUPERHOT - Pause... Lecture ! - Mac - PC', '2014-05-16', 'SUPERHOT s&apos;offre un second trailer toujours aussi impressionnant pour fêter son Kickstarter.', 'file:////D://Users//Simon//Desktop//Projet Git//BDD//src//javafx//icons//rss_icon.png'),
('http://rss.feedsportal.com/c/808/f/413796/s/3a7d368a/sc/23/l/0L0Sjeuxvideo0N0Cnews0C20A140C0A0A0A721230Esuperhot0Efinance0Een0Emoins0Ede0E480Eheures0Bhtm/story01.htm', 'SUPERHOT financé en moins de 48 heures', '2014-05-16', 'Si vous n&apos;avez pas encore entendu parler de SUPERHOT, il est certain que cela va changer au cours des prochaines semaines. SUPERHOT est un jeu de tir à la première personne très particulier puisqu&apos;il vous plonge dans un univers dans lequel le(...)', 'file:////D://Users//Simon//Desktop//Projet Git//BDD//src//javafx//icons//rss_icon.png'),
('http://rss.feedsportal.com/c/808/f/413796/s/3a7d368c/sc/4/l/0L0Sjeuxvideo0N0Cnews0C20A140C0A0A0A721240Emass0Eeffect0Equels0Esont0Eles0Eprenoms0Eles0Eplus0Edonnes0Epar0Eles0Ejoueurs0Bhtm/story01.htm', 'Mass Effect : Quels sont les prénoms les plus donnés par les joueurs ?', '2014-05-16', 'Bioware s&apos;est amusé à analyser les données des joueurs de Mass Effect 3 afin de déterminer les prénoms les plus donnés au Commandant Shepard. Evidemment, ce sont les noms par défaut (John et Jane) qui sont le plus utilisé, mais on s&apos;intéresse(...)', 'file:////D://Users//Simon//Desktop//Projet Git//BDD//src//javafx//icons//rss_icon.png'),
('http://rss.feedsportal.com/c/808/f/413796/s/3a7dc305/sc/23/l/0L0Sjeuxvideo0N0Cnews0C20A140C0A0A0A721290Eun0Edragon0Eball0Eprevu0Esur0Eps40Bhtm/story01.htm', 'Un Dragon Ball prévu sur PS4', '2014-05-16', 'En dépit de quelques épisodes faiblards, Dragon Ball revient régulièrement étancher notre soif de baston, et ce n&apos;est pas la nouvelle génération de consoles qui va changer la donne. Effectivement, Otakomu a dévoilé une image révélant une partie(...)', 'file:////D://Users//Simon//Desktop//Projet Git//BDD//src//javafx//icons//rss_icon.png'),
('http://rss.feedsportal.com/c/808/f/413796/s/3a7dc309/sc/23/l/0L0Sjeuxvideo0N0Cnews0C20A140C0A0A0A72130A0Ehalo0E50Eguardians0Epour0El0Eautomne0E20A150Bhtm/story01.htm', 'Halo 5 : Guardians pour l&apos;automne 2015 !', '2014-05-16', 'C&apos;est désormais officiel, le prochain épisode de la saga Halo, sera Halo 5 : Guardians, pour Xbox One. L&apos;épisode sortira à l&apos;automne 2015. L&apos;information provient directement du site de Major Nelson, le Community Manager de la marque Xbox, qui(...)', 'file:////D://Users//Simon//Desktop//Projet Git//BDD//src//javafx//icons//rss_icon.png'),
('http://rss.feedsportal.com/c/808/f/413796/s/3a7dcedb/sc/18/l/0L0Sjeuxvideo0N0Cnews0C20A140C0A0A0A721260Egta0Eonline0Eweek0Eend0Evie0Ede0Ereve0Bhtm/story01.htm', 'GTA Online : Week-end Vie de rêve', '2014-05-16', 'Toujours dans l&apos;optique de dynamiser ses parties en ligne, GTA Online proposera ce week-end un événement baptisé &quot;Vie de rêve&quot;, du nom de sa dernière mise à jour. Du 16 au 18 mai, vous aurez donc l&apos;opportunité de profiter d&apos;une augmentation des(...)', 'file:////D://Users//Simon//Desktop//Projet Git//BDD//src//javafx//icons//rss_icon.png'),
('http://rss.feedsportal.com/c/808/f/413796/s/3a7dcedd/sc/23/l/0L0Sjeuxvideo0N0Cnews0C20A140C0A0A0A721250Earma0Een0Epromo0Esur0Esteam0Epour0Eles0E150Eans0Ede0Ebohemia0Bhtm/story01.htm', 'Arma en promo sur Steam pour les 15 ans de Bohemia', '2014-05-16', 'Bohemia Interactive fête en ce mois de mai ses 15 ans d&apos;existence et compte bien marquer le coup en proposant diverses promotions sur Steam. On trouve par exemple ArmA 2 à 1,99 €, DayZ à 20 € ou encore Carrier Command : Gaea Mission à 4,99 €. ArmA 3(...)', 'file:////D://Users//Simon//Desktop//Projet Git//BDD//src//javafx//icons//rss_icon.png'),
('http://rss.feedsportal.com/c/808/f/413796/s/3a7dcede/sc/23/l/0L0Sjeuxvideo0N0Cvideos0Eediteurs0C0A0A0A50C0A0A0A527470Cfreaking0Emeatbags0Epc0Eca0Eva0Eexploser0E0A0A120A60A80Bhtm/story01.htm', 'Vidéo : Freaking Meatbags - Ca va exploser ! - PC', '2014-05-16', 'Freaking Meatbags vous plonge dans un monde futuriste où les robots travaillent, les céphalopodes sont inter-dimensionnels, et les humains sautillent en se parlant à eux-mêmes.', 'file:////D://Users//Simon//Desktop//Projet Git//BDD//src//javafx//icons//rss_icon.png'),
('http://rss.feedsportal.com/c/808/f/413796/s/3a7dcedf/sc/23/l/0L0Sjeuxvideo0N0Cnews0C20A140C0A0A0A721280Egears0Eof0Ewar0Esur0Eone0Etoujours0Eun0Eprototype0Bhtm/story01.htm', 'Gears of War sur One : Toujours un prototype', '2014-05-16', 'C&apos;est au cours d&apos;un streaming que Rod Fergusson, manager de Black Tusk Studio, a coupé court à toute volonté des fans d&apos;en savoir plus sur le prochain épisode de Gears of War. Si le prochain opus de la licence est bel et bien sur les rails(...)', 'file:////D://Users//Simon//Desktop//Projet Git//BDD//src//javafx//icons//rss_icon.png'),
('http://rss.feedsportal.com/c/808/f/413796/s/3a7dcee0/sc/19/l/0L0Sjeuxvideo0N0Cnews0C20A140C0A0A0A721270Ece0Esoir0Esur0Ela0Eweb0Etv0Emister0Emv0Eaypierre0Ebill0Eet0Ethaek0Bhtm/story01.htm', 'Ce soir sur la Web TV : Mister MV, Aypierre, Bill et Thaek', '2014-05-16', 'Vous avez été très nombreux à suivre les débuts de Gaming Live, la WebTV officielle de Jeuxvideo.com et nous vous en remercions. Ce soir marque la fin de la semaine et les choses s&apos;accélèrent du côté de nos animateurs ! Le programme de ce soir(...)', 'file:////D://Users//Simon//Desktop//Projet Git//BDD//src//javafx//icons//rss_icon.png'),
('http://rss.feedsportal.com/c/808/f/413796/s/3a7df86e/sc/23/l/0L0Sjeuxvideo0N0Cnews0C20A140C0A0A0A72130A0Ehalo0E50Eguardians0Epour0Eautomne0E20A150Bhtm/story01.htm', 'Halo 5 : Guardians pour automne 2015 !', '2014-05-16', 'C&apos;est désormais officiel, le prochain épisode de la saga Halo, sera Halo 5 : Guardians, pour Xbox One. L&apos;épisode sortira à l&apos;automne 2015. L&apos;information provient directement du site de Major Nelson, le Community Manager de la marque Xbox, qui(...)', 'file:////D://Users//Simon//Desktop//Projet Git//BDD//src//javafx//icons//rss_icon.png'),
('http://web2.ulb.ac.be/actulb/index.php?article=5422', 'Accueil des recteurs camerounais', '2014-04-04', '', 'file:////D://Users//Simon//Desktop//Projet Git//BDD//src//javafx//icons//rss_icon.png'),
('http://web2.ulb.ac.be/actulb/index.php?article=5799', '2 chercheuses de l&apos;ULB récompensées par le prix Atomia', '2014-04-02', '', 'file:////D://Users//Simon//Desktop//Projet Git//BDD//src//javafx//icons//rss_icon.png'),
('http://web2.ulb.ac.be/actulb/index.php?article=5829', 'Horizon Recherche ULB est en ligne', '2014-04-02', '', 'file:////D://Users//Simon//Desktop//Projet Git//BDD//src//javafx//icons//rss_icon.png'),
('http://web2.ulb.ac.be/actulb/index.php?article=5881', 'Inauguration du Cocon, gîte de naissance intra-hospitalier', '2014-04-04', '', 'file:////D://Users//Simon//Desktop//Projet Git//BDD//src//javafx//icons//rss_icon.png'),
('http://web2.ulb.ac.be/actulb/index.php?article=5882', 'Un nouveau projet hospitalo-universitaire pour Bruxelles', '2014-04-04', '', 'file:////D://Users//Simon//Desktop//Projet Git//BDD//src//javafx//icons//rss_icon.png'),
('http://web2.ulb.ac.be/actulb/index.php?article=5925', 'Le fragile et le flou. Apprivoiser la précarité: un art rhétorique', '2014-04-03', '', 'file:////D://Users//Simon//Desktop//Projet Git//BDD//src//javafx//icons//rss_icon.png'),
('http://web2.ulb.ac.be/actulb/index.php?article=5928', '10 ans de neuroradiologie interventionnelle à l&apos;Hôpital Erasme', '2014-04-01', '', 'file:////D://Users//Simon//Desktop//Projet Git//BDD//src//javafx//icons//rss_icon.png'),
('http://web2.ulb.ac.be/actulb/index.php?article=5932', 'Signature d&apos;un &quot;partenariat privilégié&quot; entre l&apos;ULB et Beihang University', '2014-04-01', '', 'file:////D://Users//Simon//Desktop//Projet Git//BDD//src//javafx//icons//rss_icon.png'),
('http://web2.ulb.ac.be/actulb/index.php?article=5933', 'Belles victoires de l&apos;ULB aux championnats universitaires', '2014-04-01', '', 'file:////D://Users//Simon//Desktop//Projet Git//BDD//src//javafx//icons//rss_icon.png'),
('http://web2.ulb.ac.be/actulb/index.php?article=5934', 'Deux étudiants de l&apos;ULB remportent le concours de plaidoirie de la Croix-Rouge', '2014-04-01', '', 'file:////D://Users//Simon//Desktop//Projet Git//BDD//src//javafx//icons//rss_icon.png'),
('http://web2.ulb.ac.be/actulb/index.php?article=5935', 'Motion du Conseil d&apos;administration de l&apos;ULB: Revendication d&apos;un refinancement de l&apos;enseignement supérieur', '2014-04-02', '', 'file:////D://Users//Simon//Desktop//Projet Git//BDD//src//javafx//icons//rss_icon.png'),
('http://web2.ulb.ac.be/actulb/index.php?article=5936', 'Particules de vie', '2014-04-02', '', 'file:////D://Users//Simon//Desktop//Projet Git//BDD//src//javafx//icons//rss_icon.png'),
('http://web2.ulb.ac.be/actulb/index.php?article=5949', 'Simulation ONU: La délégation ULB reçoit la plus haute distinction', '2014-04-04', '', 'file:////D://Users//Simon//Desktop//Projet Git//BDD//src//javafx//icons//rss_icon.png'),
('http://web2.ulb.ac.be/actulb/index.php?article=5950', 'Des étudiants de l&apos;ULB pris au jeu de négociations et de diplomatie.', '2014-04-07', '', 'file:////D://Users//Simon//Desktop//Projet Git//BDD//src//javafx//icons//rss_icon.png'),
('http://web2.ulb.ac.be/actulb/index.php?article=5952', 'Expo &quot;Amawato - Le marché de la santé au pays du vaudou&quot;', '2014-04-04', '', 'file:////D://Users//Simon//Desktop//Projet Git//BDD//src//javafx//icons//rss_icon.png'),
('http://web2.ulb.ac.be/actulb/index.php?article=5953', 'SAFE PLN: une solution de préservation de collections open-access', '2014-04-07', '', 'file:////D://Users//Simon//Desktop//Projet Git//BDD//src//javafx//icons//rss_icon.png'),
('http://web2.ulb.ac.be/actulb/index.php?article=5954', 'Chaire Perelman avec Étienne Balibar', '2014-04-07', '', 'file:////D://Users//Simon//Desktop//Projet Git//BDD//src//javafx//icons//rss_icon.png'),
('http://web2.ulb.ac.be/actulb/index.php?article=5955', 'Commémorations 1914-1918: l&apos;Université et l&apos;Union des Anciens étudiants font appel à vos archives', '2014-04-04', '', 'file:////D://Users//Simon//Desktop//Projet Git//BDD//src//javafx//icons//rss_icon.png'),
('http://web2.ulb.ac.be/actulb/index.php?article=5956', 'Cérémonie de commémoration du génocide rwandais', '2014-04-07', '', 'file:////D://Users//Simon//Desktop//Projet Git//BDD//src//javafx//icons//rss_icon.png'),
('http://web2.ulb.ac.be/actulb/index.php?article=5957', 'Un Esprit libre sous le signe de la santé', '2014-04-07', '', 'file:////D://Users//Simon//Desktop//Projet Git//BDD//src//javafx//icons//rss_icon.png'),
('http://www.dhnet.be/actu/belgique/l-axe-ferroviaire-bruxelles-nord-sud-degage-53424f273570d35ee3e8d2b6', 'L&apos;axe ferroviaire Bruxelles Nord-Sud dégagé', '2014-04-07', 'Des retards sont à prévoir pour les trains à venir.', 'http://r.ldh.be/image/b9/53424f5e3570d35ee3e8d2b9.jpg'),
('http://www.dhnet.be/actu/belgique/le-cdh-est-sur-represente-dans-la-magistrature-53422ffb3570d35ee3e8ba22', 'Le cdH est sur-représenté dans la magistrature', '2014-04-07', 'Un premier élément d&apos;explication est à trouver dans l&apos;historique attirance des familles catholiques pour la magistrature.', 'http://r.ldh.be/image/80/534230d43570aae038af9880.jpg'),
('http://www.dhnet.be/actu/belgique/milquet-vise-la-presidence-de-la-region-bruxelloise-534194203570aae038af5252', 'Milquet vise la présidence de la Région bruxelloise', '2014-04-06', 'Le cdH veut lancer un grand plan de déploiement sur dix ans pour la Région-Capitale.', 'http://r.ldh.be/image/4c/53422b1a3570aae038af984c.jpg'),
('http://www.dhnet.be/actu/belgique/pairi-daiza-du-monde-pour-voir-les-pandas-53419a493570aae038af529d', 'Pairi Daiza : du monde pour voir les pandas', '2014-04-06', 'Le parc Pairi Daiza a reçu samedi et dimanche sensiblement plus de visiteurs que lors d&apos;un week-end normal d&apos;ouverture. L&apos;effet panda a joué !', 'http://r.ldh.be/image/95/53419a2e3570aae038af5295.jpg'),
('http://www.dhnet.be/actu/economie/l-ancien-patron-de-bpost-rejoint-le-conseil-d-administration-de-delhaize-5342611d3570aae038afc4b2', 'L&apos;ancien patron de bpost rejoint le conseil d&apos;administration de Delhaize', '2014-04-07', 'Il est actuellement président du conseil d&apos;administration de Spadel.', 'http://r.ldh.be/image/70/534261683570d35ee3e8d370.jpg'),
('http://www.dhnet.be/actu/faits/france-un-adolescent-inculpe-pour-le-meurtre-d-une-fillette-5341c5683570aae038af7cd4', 'France: un adolescent inculpé pour le meurtre d&apos;une fillette', '2014-04-06', 'Le jeune homme de 16 ans est soupçonné d&apos;avoir violé puis tué la fillette de 12 ans...', 'http://r.ldh.be/image/1f/5341c5623570d35ee3e8681f.jpg'),
('http://www.dhnet.be/actu/faits/les-medecins-discutent-de-prelever-les-organes-d-un-patient-conscient-534266a63570d35ee3e8d38d', 'Les médecins discutent de prélever les organes d&apos;un patient... conscient', '2014-04-07', 'L&apos;homme de 43 ans a porté plainte contre l&apos;hôpital qui le soignait après avoir entendu une conversation entre les médecins et sa compagne sur le prélèvement de ses organes.', 'http://r.ldh.be/image/65/53425e583570aae038afc465.jpg'),
('http://www.dhnet.be/actu/faits/trois-corps-repeches-dans-le-canal-a-ham-apres-un-accident-de-voiture-534274b53570d35ee3e8e80b', 'Trois corps repêchés dans le canal à Ham après un accident de voiture', '2014-04-07', 'Une enquête a été ouverte pour connaître les circonstances exactes de l&apos;accident.', 'http://r.ldh.be/image/c8/534275283570aae038afd9c8.jpg'),
('http://www.dhnet.be/actu/faits/un-belge-de-23-ans-decede-dans-une-prison-equatorienne-53422bf23570d35ee3e8b9fb', 'Un Belge de 23 ans décède dans une prison équatorienne', '2014-04-07', 'Une rumeur évoquant un décès dans des circonstances suspectes circule.', 'http://r.ldh.be/image/5f/53422c553570aae038af985f.jpg'),
('http://www.dhnet.be/actu/faits/un-homme-victime-d-une-tentative-de-meurtre-a-la-chevrotine-a-autreppe-53425d403570d35ee3e8d346', 'Un homme victime d&apos;une tentative de meurtre à la chevrotine à Autreppe', '2014-04-07', 'L&apos;agresseur est quant à lui toujours en fuite et activement recherché.', 'http://r.ldh.be/image/4d/53425ddd3570aae038afc44d.jpg'),
('http://www.dhnet.be/actu/monde/elections-hongroises-viktor-orban-en-tete-devant-la-gauche-53419e023570aae038af52bd', 'Elections hongroises: Viktor Orban en tête devant la gauche', '2014-04-06', 'Le parti conservateur du populiste Viktor Orban, accusé de dérives antidémocratiques, est arrivé en tête des élections législatives de dimanche, selon les sondages à la sortie des urnes.', 'http://r.ldh.be/image/b4/53419df23570aae038af52b4.jpg'),
('http://www.dhnet.be/actu/monde/il-traverse-la-seine-sur-un-fil-a-25-metres-de-hauteur-5341a1f23570aae038af52ed', 'Il traverse la Seine sur un fil à 25 mètres de hauteur', '2014-04-06', 'Un exploit !', 'http://r.ldh.be/image/e3/5341a1c03570aae038af52e3.jpg'),
('http://www.dhnet.be/actu/monde/pistorius-en-pleurs-s-excuse-pour-le-meurtre-de-sa-petite-amie-534231db3570aae038af9887', 'Pistorius, en pleurs, s&apos;excuse pour le meurtre de sa petite amie', '2014-04-07', '&quot;Je me réveille la nuit avec l&apos;odeur du sang.&quot;', 'http://r.ldh.be/image/2d/534281233570aae038afda2d.jpg'),
('http://www.dhnet.be/actu/monde/rwanda-20-ans-apres-la-mort-des-10-paras-suivez-les-commemorations-en-direct-534191c43570d35ee3e83d7f', 'Rwanda: 20 ans après la mort des 10 paras - Suivez les commémorations en direct', '2014-04-06', 'Les familles des victimes belges sont parties pour Kigali pour ne pas oublier. \nSuivez la cérémonie en direct.', 'http://r.ldh.be/image/69/53422de43570aae038af9869.jpg');
INSERT INTO `publication` (`url`, `title`, `releaseDate`, `description`, `image`) VALUES
('http://www.dhnet.be/actu/monde/une-fete-a-tout-casser-en-californie-100-interpellations-44-blesses-534233bd3570aae038af9891', 'Une fête à tout casser en Californie: 100 interpellations, 44 blessés', '2014-04-07', 'La police a dû faire usage de gaz lacrymogènes et de balles en caoutchouc pour disperser la foule.', 'http://r.ldh.be/image/4a/5342340f3570d35ee3e8ba4a.jpg'),
('http://www.dhnet.be/actu/monde/vol-mh370-l-australie-annonce-la-detection-de-nouveaux-signaux-53422ee93570aae038af9870', 'Vol MH370: l&apos;Australie annonce la détection de nouveaux signaux', '2014-04-07', '&quot;Je peux faire état d&apos;informations très encourageantes parvenues au cours des dernières 24 heures.&quot;', 'http://r.ldh.be/image/1d/53422f1f3570d35ee3e8ba1d.jpg'),
('http://www.dhnet.be/actu/sante/cancer-du-cerveau-chez-l-enfant-de-nouvelles-pistes-therapeutiques-5341a9933570d35ee3e85317', 'Cancer du cerveau chez l&apos;enfant: de nouvelles pistes thérapeutiques', '2014-04-06', 'La découverte d&apos;anomalies sur un gène présent dans des tumeurs incurables du cerveau de l&apos;enfant laisse espérer de nouvelles possibilités de traitement pour combattre cette forme de cancer, selon des travaux publiés dimanche.', 'http://r.ldh.be/image/c6/5341a9e33570aae038af67c6.jpg'),
('http://www.dhnet.be/conso/consommation/busine-du-vin-comment-le-fric-tue-l-ame-des-grands-crus-533eb9af3570aae038ad99d8', 'Busine$$ du vin: comment le fric tue l&apos;âme des grands crus', '2014-04-07', 'Isabelle Saporta, auteur de Vino Business, dénonce les magouilles qui profitent aux grands crus.', 'http://r.ldh.be/image/bb/534251333570aae038afb0bb.jpg'),
('http://www.dhnet.be/conso/consommation/pieces-de-1-et-2-cents-supprimees-les-supermarches-n-arrondiront-pas-les-tickets-de-caisse-534275d53570aae038afd9ca', 'Pièces de 1 et 2 cents supprimées: les supermarchés n&apos;arrondiront pas les tickets de caisse', '2014-04-07', '&quot;Deux centimes, cela peut sembler dérisoire, mais multipliés par les millions de transactions effectuées chaque année, cela peut vite faire une jolie somme.&quot;', 'http://r.ldh.be/image/cd/534276a73570aae038afd9cd.jpg'),
('http://www.dhnet.be/conso/pourelle/l-arme-secrete-de-la-confiance-en-soi-534260cb3570d35ee3e8d36c', 'L&apos;arme secrète de la confiance en soi', '2014-04-07', 'Vous devez parler en public ? Vous êtes en période d’examen ? Vous devez demander une augmentation à votre patron ? Vous manquez tout simplement de confiance en vous ? Il existe un truc tout simple que nous dévoile le naturopathe Terry Lidarssi.', 'http://r.ldh.be/image/ab/534260be3570aae038afc4ab.jpg'),
('http://www.dhnet.be/medias/cinema/deces-de-l-acteur-americain-mickey-rooney-5342311f3570aae038af9884', 'Décès de l&apos;acteur américain Mickey Rooney', '2014-04-07', 'Mickey Rooney, très apprécié et respecté à Hollywood, n&apos;a quasiment jamais cessé de travailler.', 'http://r.ldh.be/image/2c/5342315f3570d35ee3e8ba2c.jpg'),
('http://www.dhnet.be/people-buzz/familles-royales/albert-n-aurait-pas-rendu-visite-a-laurent-534259803570aae038afc410', 'Albert n&apos;aurait pas rendu visite à Laurent', '2014-04-07', 'D&apos;après VTM, Paola serait entrée dans la chambre de son fils. Le roi Albert aurait préféré rester dans les couloirs de l’hôpital...', 'http://r.ldh.be/image/0e/534259513570aae038afc40e.jpg'),
('http://www.dhnet.be/people-buzz/sports/une-sportive-heurtee-a-la-tete-par-un-drone-534266c73570aae038afd7ed', 'Une sportive heurtée à la tête par un drone !', '2014-04-07', 'La malheureuse triathlète australienne a été heurtée par un appareil tombé du ciel.', 'http://r.ldh.be/image/ea/534266c33570aae038afd7ea.jpg'),
('http://www.dhnet.be/regions/liege/promotion-d-kinet-vire-du-rfc-liege-qui-a-peut-etre-perdu-le-titre-5341907e3570d35ee3e83d72', 'Promotion D: Kinet viré du RFC Liège, qui a peut-être perdu le titre', '2014-04-06', 'Après ce non-match, la direction a mis fin à sa collaboration avec l&apos;entraîneur Christophe Kinet. Retrouvez les réactions des principaux protagonistes dans cet article...', 'http://r.ldh.be/image/80/534191e93570d35ee3e83d80.jpg'),
('http://www.dhnet.be/sports/cyclisme/boonen-je-ne-suis-pas-decu-5341ab5e3570d35ee3e85332', 'Boonen : &quot;Je ne suis pas déçu&quot;', '2014-04-06', 'Le Belge reconnaît avoir été trop juste dans la dernière demi-heure de course.', 'http://r.ldh.be/image/62/53422ccd3570aae038af9862.jpg'),
('http://www.dhnet.be/sports/f1/et-le-champion-du-monde-sera-5341a78d3570d35ee3e852f7', 'Et le champion du monde sera...', '2014-04-06', 'Lewis Hamilton sera champion du monde de Formule 1 cette saison ! Du moins, si son équipier Nico Rosberg ne l&apos;en empêche pas. Mais le titre semble d&apos;ores et déjà promis à l&apos;un des deux hommes. Nos spécialistes décryptent pour vous les arguments qu&apos;ont à faire valoir les deux pilotes Mercedes.', 'http://r.ldh.be/image/07/5341a81e3570d35ee3e85307.jpg'),
('http://www.dhnet.be/sports/football/diablesrouges/casteels-forfait-qui-sera-notre-3e-gardien-au-bresil-53424f7a3570d35ee3e8d2bb', 'Casteels forfait: qui sera notre 3e gardien au Brésil ?', '2014-04-07', 'Koen Casteels s&apos;est occasionné une fracture du tibia, ce dimanche, avec Hoffenheim. Sa participation au Mondial n&apos;est plus d&apos;actualité et Marc Wilmots doit chercher un autre troisième gardien. \nNotre spécialiste Benoît Delhauteur évoque les différents candidats à cette place.', 'http://r.ldh.be/image/af/5342501d3570aae038afb0af.jpg'),
('http://www.dhnet.be/sports/football/diablesrouges/casteels-prive-de-mondial-534196653570aae038af526e', 'Casteels privé de Mondial', '2014-04-06', 'Le Diable rouge a dû quitter la pelouse à un quart d&apos;heure du terme. Il souffre d&apos;une fracture du tibia.', 'http://r.ldh.be/image/18/5341965a3570d35ee3e85218.jpg'),
('http://www.dhnet.be/sports/football/diablesrouges/proto-tant-mieux-pour-moi-si-wilmots-m-appelle-5341d0273570d35ee3e86835', 'Proto: &quot;Tant mieux pour moi si Wilmots m’appelle&quot;', '2014-04-07', 'Suite à la grave blessure de Koen Casteels, Silvio Proto peut revenir dans la liste des 23 qui iront au Brésil.', 'http://r.ldh.be/image/3f/53424dae3570d35ee3e8d23f.jpg'),
('http://www.dhnet.be/sports/football/diablesrouges/vanden-borre-a-gagne-son-duel-a-distance-5341afd83570d35ee3e85347', 'Vanden Borre a gagné son duel à distance', '2014-04-07', 'Sa parfaite entente avec Andy Najar sur l’aile droite y est également pour beaucoup.', 'http://r.ldh.be/image/62/53425e543570aae038afc462.jpg'),
('http://www.dhnet.be/sports/football/division1/anderlecht/anderlecht-fc-bruges-l-analyse-de-notre-specialiste-et-les-notes-des-mauves-5341b1613570aae038af6800', 'Anderlecht-FC Bruges: l&apos;analyse de notre spécialiste et les notes des Mauves', '2014-04-06', 'Non, le Club n&apos;est pas invincible, comme Anderlecht en a apporté la preuve. \nDécouvrez les notes des Mauves et le débrief&apos; du Topper après le succès incontestable su Sporting face à Bruges.', 'http://r.ldh.be/image/11/53422d7c3570d35ee3e8ba11.jpg'),
('http://www.dhnet.be/sports/football/division1/anderlecht/praet-nous-sommes-obliges-de-viser-la-1re-place-5341c93b3570aae038af7cde', 'Praet: &quot;Nous sommes obligés de viser la 1re place&quot;', '2014-04-06', 'Dennis Praet tient un autre discours qu’après la défaite à Sclessin.', 'http://r.ldh.be/image/39/5342274e3570aae038af9839.jpg'),
('http://www.dhnet.be/sports/football/division1/fc-bruges/le-bulletin-de-notes-de-bruges-5341b0503570d35ee3e85348', 'Le bulletin de notes de Bruges', '2014-04-06', 'Dépassés par Anderlecht en première période, les Brugeois n&apos;ont jamais semblé en mesure de revenir dans ce \nTopper.', 'http://r.ldh.be/image/f9/5341b6623570d35ee3e867f9.jpg'),
('http://www.dhnet.be/sports/football/division1/olivier-deschacht-gagnons-en-deplacement-apres-on-parlera-du-titre-5341c24e3570d35ee3e86814', 'Olivier Deschacht : &quot;Gagnons en déplacement, après on parlera du titre&quot;', '2014-04-06', 'Découvrez les réactions des protagonistes du \nTopper au micro de nos confrères de VOO Foot.', 'http://r.ldh.be/image/12/5341c2323570d35ee3e86812.jpg'),
('http://www.dhnet.be/sports/football/division1/teklak-luzon-n-a-pas-trouve-de-reponse-tactique-5341bab03570aae038af6839', 'Teklak: &quot;Luzon n&apos;a pas trouvé de réponse tactique&quot;', '2014-04-06', 'Alex Teklak débriefe en sept analyses le week-end de Pro League. Kouyaté, Hasi, Luzon, Mons et Mazzu passent sous l’œil expert de notre consultant.', 'http://r.ldh.be/image/0e/5341bdab3570d35ee3e8680e.jpg'),
('http://www.dhnet.be/sports/football/division2/eupen/l-alliance-renoue-avec-le-succes-4-0-5341a0613570d35ee3e85274', 'L’Alliance renoue avec le succès (4-0)', '2014-04-06', 'Après un début de match laborieux, les \nPandas ont fait la différence en l’espace de 10 minutes.', 'http://r.ldh.be/image/2b/5341b8ad3570aae038af682b.jpg'),
('http://www.dhnet.be/sports/football/europe/championnatsetrangers/giggs-souhaiterait-quitter-manchester-united-53424ee23570d35ee3e8d2b5', 'Giggs souhaiterait quitter Manchester United', '2014-04-07', 'En froid avec David Moyes, l&apos;ailier légendaire d&apos;Old Trafford envisagerait de quitter les Red Devils en fin de saison.', 'http://r.ldh.be/image/dd/5342516a3570d35ee3e8d2dd.jpg'),
('http://www.dhnet.be/sports/football/europe/championnatsetrangers/ligue-1-monaco-retarde-la-fete-parisienne-5341c3983570d35ee3e8681a', 'Ligue 1: Monaco retarde la fête parisienne', '2014-04-06', 'Auteur d&apos;un doublé, James Rodriguez a permis à Monaco de revenir à treize points de Paris (3-1).', 'http://r.ldh.be/image/cc/5341c38c3570aae038af7ccc.jpg'),
('http://www.dhnet.be/sports/football/mercato/batshuayi-et-n-sakala-sur-les-tablettes-de-l-as-monaco-53426be23570d35ee3e8d3f5', 'Batshuayi et N&apos;Sakala sur les tablettes de l&apos;AS Monaco', '2014-04-07', 'Il est un fait certain que les deux joueurs ne laissent pas indifférents les émissaires du Rocher, bien décidés à surveiller leurs prestations conjointes.', 'http://r.ldh.be/image/fb/53426c623570d35ee3e8d3fb.jpg'),
('http://www.dhnet.be/sports/football/mercato/mourinho-voudrait-voir-courtois-titulaire-a-chelsea-53426bfa3570aae038afd818', 'Mourinho voudrait voir Courtois titulaire à Chelsea', '2014-04-07', 'L&apos;arrivée du Diable rouge entre les perches des Blues se préciserait...', 'http://r.ldh.be/image/f2/53426bd73570d35ee3e8d3f2.jpg'),
('http://www.dhnet.be/sports/football/vadis-s-enerve-sur-un-cameraman-534276273570aae038afd9cb', 'Vadis s&apos;énerve sur un caméraman', '2014-04-07', 'Visiblement frustré après la lourde défaite subie face aux Mauves, le médian brugeois s&apos;en est pris à un caméraman.', 'http://r.ldh.be/image/d9/5342785c3570aae038afd9d9.jpg'),
('http://www.dhnet.be/sports/hockey/le-well-a-nouveau-au-sommet-534196af3570aae038af5282', 'Le Well à nouveau au sommet', '2014-04-06', 'Les Uccloises ont reconduit leur titre après celui de 2011.', 'http://r.ldh.be/image/7d/534196943570aae038af527d.jpg'),
('http://www.dhnet.be/sports/tennis/atp-casablanca-david-goffin-au-3e-et-dernier-tour-des-qualifications-5342532b3570d35ee3e8d2ee', 'ATP Casablanca: David Goffin au 3e et dernier tour des qualifications', '2014-04-07', 'Encore un petit effort David !', 'http://r.ldh.be/image/d2/534253843570aae038afb0d2.jpg'),
('http://www.dhnet.be/sports/tennis/atp-houston-ruben-bemelmans-a-une-victoire-du-tableau-final-534252983570d35ee3e8d2e8', 'ATP Houston: Ruben Bemelmans à une victoire du tableau final', '2014-04-07', 'Au 3e tour, Ruben Bemelmans jouera son accès au tableau final face à l&apos;Américain Ryan Harrison, 115e mondial.', 'http://r.ldh.be/image/e9/534252df3570d35ee3e8d2e9.jpg'),
('http://www.dhnet.be/sports/tennis/barrages-pour-le-groupe-mondial-la-belgique-tete-de-serie-en-coupe-davis-53427b943570d35ee3e8e841', 'Barrages pour le groupe mondial: la Belgique tête de série en Coupe Davis', '2014-04-07', 'Le tirage au sort des barrages pour le groupe mondial de la Coupe Davis se tiendra mardi à Londres à 12h.', 'http://r.ldh.be/image/4c/53427d4a3570d35ee3e8e84c.jpg'),
('http://www.dhnet.be/sports/tennis/classements-atp-et-wta-david-goffin-106e-kirsten-flipkens-repasse-24e-534249743570d35ee3e8d15f', 'Classements ATP et WTA: David Goffin 106e, Kirsten Flipkens repasse 24e', '2014-04-07', 'Au sommet, l&apos;Américaine Serena Williams conserve la première place et même si son avance s&apos;est quelque peu réduite.', 'http://r.ldh.be/image/f9/534249cc3570aae038afaff9.jpg'),
('http://www.dhnet.be/sports/tennis/coupe-davis-federer-qualifie-la-suisse-pour-les-demi-finales-5341a3b53570d35ee3e852b0', 'Coupe Davis : Federer qualifie la Suisse pour les demi-finales', '2014-04-06', 'Roger Federer a envoyé la Suisse en demi-finales de la Coupe Davis aux dépens du Kazakhstan. \n7-6 (7/6), 6-2, 6-3 ', 'http://r.ldh.be/image/b5/5341a3c13570d35ee3e852b5.jpg'),
('http://www.dhnet.be/sports/tennis/wta-charleston-victoire-de-l-allemande-andrea-petkovic-5341a2f53570d35ee3e852ab', 'WTA Charleston: victoire de l&apos;Allemande Andrea Petkovic', '2014-04-06', 'L&apos;Allemande Andrea Petkovic a remporté le tournoi WTA de Charleston (terre battue) en battant en finale la Slovaque Jana Cepelova 7-5, 6-2, dimanche.', 'http://r.ldh.be/image/a3/5341a2ec3570d35ee3e852a3.jpg'),
('http://www.dhnet.be/sports/tennis/wta-charleston-victoire-de-l-allemande-andrea-petkovic-5341b2e93570d35ee3e8535b', 'WTA Charleston: Victoire de l&apos;Allemande Andrea Petkovic', '2014-04-06', 'Elle a battu Cepelova en finale, sur le score de 7-5; 6-2. C&apos;est le 3e titre de la carrière de &quot;Petko&quot;.', 'http://r.ldh.be/image/59/5341b2d83570d35ee3e85359.jpg'),
('http://www.dhnet.be/sports/tennis/wta-facile-victoire-d-ana-ivanovic-a-monterrey-53423c243570d35ee3e8ba7d', 'WTA: Facile victoire d&apos;Ana Ivanovic à Monterrey', '2014-04-07', 'Ana Ivanovic n&apos;a jamais été inquiétée par sa compatriote Jaksic.', 'http://r.ldh.be/image/84/53423c6d3570d35ee3e8ba84.jpg'),
('http://www.frandroid.com/0-android/operateurs/216915_loperateur-mobistar-lance-reseau-4g-bruxelles', 'L’opérateur Mobistar lance son réseau 4G à Bruxelles', '2014-05-15', 'Amis bruxellois, la 4G arrive de Mobistar ! Après Base et Proximus, la capitale européenne va pouvoir compter sur un réseau 4G de plus dès maintenant grâce à l#8217;opérateur de téléphonie mobile Mobistar. Une bonne nouvelle pour Bruxelles qui n#8217;est pour le moment pas la mieux placée en terme d#8217;innovation, comme le rapporte Belga Media Support,#160;', 'file:////D://Users//Simon//Desktop//Projet Git//BDD//src//javafx//icons//rss_icon.png'),
('http://www.frandroid.com/0-android/operateurs/217104_orange-achetait-bouygues-telecom', 'Et si Orange achetait Bouygues Telecom ?', '2014-05-15', 'Si l#8217;on parle cette semaine de Bouygues Telecom, c#8217;est bien peu pour l#8217;actualité de ses offres télécoms, mais bien pour l#8217;avenir économique de la société. Les syndicats évoquaient chez la firme, filiale du géant hexagonal du BTP, un risque de plan social massif pouvant aboutir au licenciement de près de 2000 employés. Tout cela devant#160;', 'file:////D://Users//Simon//Desktop//Projet Git//BDD//src//javafx//icons//rss_icon.png'),
('http://www.frandroid.com/0-android/operateurs/217109_free-mobile-maintient-croissance-atteint-86-millions-clients', 'Free Mobile maintient sa croissance et atteint 8,6 millions de clients', '2014-05-16', '8,635 millions d#8217;abonnés mobiles au premier trimestre 2014, c#8217;est le parc que revendique actuellement Free Mobile, contre légèrement plus de 8 millions au dernier trimestre 2013, soit un gain de 595 000 clients. C#8217;est à peine moins qu#8217;entre les troisième et quatrième trimestres 2013, où l#8217;opérateur avait acquis 605 000 nouveaux abonnés. Les trois mois#160;', 'file:////D://Users//Simon//Desktop//Projet Git//BDD//src//javafx//icons//rss_icon.png'),
('http://www.frandroid.com/0-android/operateurs/217147_numericable-en-negociations-exclusives-omea-telecom-rachat-virgin-mobile', 'Numericable entre en négociations exclusives pour le rachat de Virgin Mobile', '2014-05-16', 'Numericable, le câblo-opérateur que l’on connaît maintenant très bien pour avoir réussi à racheter SFR, a annoncé ce matin être entré en négociation exclusive pour racheter Virgin Mobile. Le plus grand opérateur virtuel français, qui compte aujourd’hui 1,7 millions de clients, devrait être racheté 325 millions d’euros. Voici ce que dit exactement le communiqué de#160;', 'file:////D://Users//Simon//Desktop//Projet Git//BDD//src//javafx//icons//rss_icon.png'),
('http://www.frandroid.com/0-android/social/217156_swarm-lapplication-foursquare-tournee-vers-partage-amis-disponible', 'Swarm : l’application de Foursquare tournée vers le partage entre amis est disponible', '2014-05-16', 'Êtes-vous prêts à passer à un (presque) nouveau réseau social ? Foursquare en semble convaincu, lui qui s#8217;est transformé, à force de check-in, de photos et d#8217;avis laissés sur des lieux d#8217;intérêt, en un concurrent de Yelp ou de Trip Advisor, voire de Google+. Le service, qui n#8217;abandonne pas pour autant la notion de check-in#160;', 'file:////D://Users//Simon//Desktop//Projet Git//BDD//src//javafx//icons//rss_icon.png'),
('http://www.frandroid.com/android/216937_android-pret-version-64-bit-du-tegra-k1-nvidia', 'Android prêt pour la version 64-bit du Tegra K1 de Nvidia', '2014-05-15', 'NVIDIA a frappé fort au CES 2014 en annonçant le successeur du Tegra 4, le Tegra K1. Deux versions avaient alors été dévoilées. La première, le Tegra K1 #171;#160;tout court#160;#187; possède quatre cœurs ARM Cortex-A15 32-bit qui peuvent être cadencés jusqu#8217;à 2,3 GHz ainsi qu#8217;un cinquième cœur, le #171;#160;compagnon#160;#187; qui est cadencé à une fréquence#160;', 'file:////D://Users//Simon//Desktop//Projet Git//BDD//src//javafx//icons//rss_icon.png'),
('http://www.frandroid.com/android/217112_google-play-accepte-paypal-methode-paiement-en-france-au-canada', 'Google Play accepte PayPal comme méthode de paiement en France, en Belgique et au Canada', '2014-05-15', 'Aux côtés de Google Wallet et du paiement opérateur (disponible chez Bouygues Telecom, Orange, SFR en France, ce qui permet d#8217;être directement facturé sur sa facture téléphonique), vous pourrez donc utiliser votre compte PayPal pour acheter du contenu sur le Google Play (jeux, vidéos, séries, musique, etc.). Google en a profité pour annoncer des chiffres#160;', 'file:////D://Users//Simon//Desktop//Projet Git//BDD//src//javafx//icons//rss_icon.png'),
('http://www.frandroid.com/applications/216910_monument-valley-disponible-android', 'Monument Valley est disponible sur Android', '2014-05-15', 'Monument Valley est un titre qui a beaucoup fait parler de lui lors de sa sortie sur iOS. Et pour cause, il s’agit tout d’abord d’un jeu de réflexion doté d’une direction artistique de toute beauté. Dans Monument Valley, on incarne une jeune princesse du nom de Ida qu’il faut guider d’un point A à#160;', 'file:////D://Users//Simon//Desktop//Projet Git//BDD//src//javafx//icons//rss_icon.png'),
('http://www.frandroid.com/applications/217178_mise-jour-du-google-play-store-beau-pratique-informatif', 'Mise à jour du Google Play Store : plus beau, plus pratique, plus informatif !', '2014-05-16', '#160; Google Play passe donc à la version 4.8.19. Il s’agit là d’une mise à jour relativement importante de la boutique d’Android, dont les principales nouveautés sont essentiellement esthétiques. Outre l’ajout du moyen de paiement Paypal, Google a légèrement revu l#8217;interface pour la rendre un peu plus belle et surtout plus pratique. Faisons un peu#160;', 'file:////D://Users//Simon//Desktop//Projet Git//BDD//src//javafx//icons//rss_icon.png'),
('http://www.frandroid.com/applications/jeux-android-applications/216854_flappy-bird-reviendra-en-aout-en-multijoueur', 'Flappy Bird reviendra en aout et en multijoueur', '2014-05-15', 'Le créateur du très étrange, mais néanmoins addictif, jeu Flappy Bird n#8217;est plus un développeur inconnu, et suscite l#8217;intérêt. Interrogé par CNBC, Dong Nguyen s#8217;est laissé aller à quelques confidences. L#8217;homme envisage bel et bien de ramener Flappy Bird sur les stores d#8217;applications, mais non pas sans quelques changements. En effet, trouvant son jeu trop#160;', 'file:////D://Users//Simon//Desktop//Projet Git//BDD//src//javafx//icons//rss_icon.png'),
('http://www.frandroid.com/bons-plans/216878_bon-plan-lillimite-5-go-dinternet-partir-10e-chez-sfr-red', 'Bon plan : de l’illimité et 5 Go d’internet à partir de 10 euros/mois chez RED SFR', '2014-05-15', '#171;#160;Les journées guerrières#160;#187;. C#8217;est comme ça que SFR a baptisé son opération low-cost qui débutera dès demain. Un nom peu anodin vu les tarifs agressifs qui y sont proposés : deux offres  à 4 et 10 euros par mois. La première, à 4 euros par mois pendant 12 mois et sans engagement, permettra de bénéficier de#160;', 'file:////D://Users//Simon//Desktop//Projet Git//BDD//src//javafx//icons//rss_icon.png'),
('http://www.frandroid.com/marques/htc/216876_htc-one-mini-2-officiel-laspect-du-m8-puissance', 'Le HTC One Mini 2 est officiel : l’aspect du M8 sans la puissance', '2014-05-15', 'HTC a donc profité d’une conférence de presse à Londres pour dévoiler officiellement le One Mini 2, la déclinaison mini du HTC One (M8). Et il semble que les innombrables rumeurs qui ont fuité à son sujet ces derniers jours soient vraies. Le One Mini 2 sera donc un smartphone compatible 4G de 4,5 pouces#160;', 'file:////D://Users//Simon//Desktop//Projet Git//BDD//src//javafx//icons//rss_icon.png'),
('http://www.frandroid.com/marques/htc/217019_prise-en-main-du-htc-one-mini-2-ladn-du-m8-449-euros', 'Prise en main du HTC One mini 2, l’ADN du M8 à 449 euros', '2014-05-15', 'En mars, le Taïwanais HTC dévoilait le HTC One M8, son vaisseau amiral. Vendu à plus de 500 euros, ce M8 joue dans la cour des grands aux côtés du Galaxy S5 ou encore du Xperia Z2. Néanmoins, ces smartphones ont tous un point commun : une taille d#8217;écran au-dessus de 5 pouces. Heureusement pour#160;', 'file:////D://Users//Simon//Desktop//Projet Git//BDD//src//javafx//icons//rss_icon.png'),
('http://www.frandroid.com/marques/lg/216762_nouvelles-photos-du-lg-g3-montre-entierement', 'De nouvelles photos du LG G3 nous le montrent entièrement', '2014-05-15', 'Le quatrième mousquetaire n#8217;aura finalement pas réussi à rester plus discret que ses concurrents. Comme pour les Galaxy S5, HTC One M8 et Sony Xperia Z2, on connait presque tout du smartphone avant qu#8217;il ne soit sorti. Depuis quelques semaines, plusieurs clichés de la face arrière du LG G3 sont apparus sur Internet, et la#160;', 'file:////D://Users//Simon//Desktop//Projet Git//BDD//src//javafx//icons//rss_icon.png'),
('http://www.frandroid.com/marques/motorola/216656_prise-en-main-du-motorola-moto-e', 'Prise en main du Motorola Moto E, un prix bas avec peu de compromis', '2014-05-15', 'Souvenez-vous du Moto G. Il s#8217;agissait du smartphone de Motorola #171;#160;le plus vendu#160;#187; et était déjà une entrée en matière assez agressive du point de vue tarifaire : 169 euros. Le téléphone avait alors séduit Edouard à la rédaction : #171;#160;écran de bonne qualité, performances redoutables, une expérience utilisateur de qualité et un Android qui n#8217;a#160;', 'file:////D://Users//Simon//Desktop//Projet Git//BDD//src//javafx//icons//rss_icon.png'),
('http://www.frandroid.com/marques/samsung/216857_galaxy-gear-samsung-va-passer-dandroid-tizen-via-mise-jour', 'La Galaxy Gear de Samsung va passer d’Android à Tizen via une mise à jour', '2014-05-15', 'Il y a quelques mois, Samsung lançait ses montres connectées Gear 2 et Gear Neo / Lite. A la grande surprise, ces smartwatchs embarquaient le système d#8217;exploitation maison, Tizen, en lieu et place d#8217;Android qui était présent sur la Galaxy Gear, la première montre connectée de Samsung. C#8217;est notamment pour cette raison que les Gear#160;', 'file:////D://Users//Simon//Desktop//Projet Git//BDD//src//javafx//icons//rss_icon.png'),
('http://www.frandroid.com/marques/samsung/216976_samsung-promet-dedommagements-ses-ouvriers-malades', 'Samsung promet des dédommagements à ses ouvriers malades', '2014-05-15', 'Kwon Oh-hyun, l#8217;actuel PDG de la firme Samsung, a présenté au nom de l#8217;entreprise des excuses envers les employés de Samsung qui souffrent de problèmes de santé dû au travail effectué dans ses usines. Excuses formulées également aux familles de ceux qui y ont laissé la vie. On dénombre ainsi 26 travailleurs des usines de fabrications#160;', 'file:////D://Users//Simon//Desktop//Projet Git//BDD//src//javafx//icons//rss_icon.png'),
('http://www.frandroid.com/marques/samsung/216982_samsung-conference-presse-12-juin-annoncer-nouvelles-tablettes', 'Samsung : une conférence de presse le 12 juin pour annoncer de nouvelles tablettes', '2014-05-15', 'Prenez vos agendas et mettez une petite croix sur le jeudi 12 juin, c’est en effet à cette date que Samsung tiendra une conférence de presse, la Galaxy Premiere 2014. Comme on peut le voir sur l’invitation, en illustration de cette actualité, Samsung cache à peine le fait qu’il va dévoiler de nouvelles tablettes. De#160;', 'file:////D://Users//Simon//Desktop//Projet Git//BDD//src//javafx//icons//rss_icon.png'),
('http://www.frandroid.com/marques/samsung/217152_samsung-annonce-galaxy-tab-4-education', 'Samsung annonce la Galaxy Tab 4 Education à la coque renforcée', '2014-05-16', 'Avec Samsung, c#8217;est simple. Prenez chaque petit besoin, et comblez-le par un nouvel appareil de la firme. Elle a annoncé hier, parle biais de sa branche américaine basée à Ridgefield Park, dans le New Jersey, qu#8217;une nouvelle tablette allait bientôt sortir. Sa spécificité : il s#8217;agit de la Galaxy Tab 4 Education, un appareil de#160;', 'file:////D://Users//Simon//Desktop//Projet Git//BDD//src//javafx//icons//rss_icon.png'),
('http://www.frandroid.com/produits/lunettes-intelligentes/google-glass/217153_google-glass-ivy-ross-disney-mattel-sera-en-charge-du-design', 'Google Glass : Ivy Ross (Disney, Mattel) sera en charge du design', '2014-05-16', 'Ivy Ross fait partie de ces stars du design. Elle avait d#8217;ailleurs récemment participé à une conférence TEDx pour parler de design et de créativité. Elle s#8217;est fait connaître très tôt, après avoir travaillé sur des branches de lunettes en titane chez Bausch and Lomb dans les années 90. Dans une présentation courte sur le blog#160;', 'file:////D://Users//Simon//Desktop//Projet Git//BDD//src//javafx//icons//rss_icon.png'),
('http://www.frandroid.com/produits/tv-connectee-produits/217159_xiaomi-devoile-mi-tv-2-television-4k-android-470-euros', 'Xiaomi dévoile Mi TV 2, une télévision 4K sous Android à 470 euros', '2014-05-16', 'En marge de l’annonce de l#8217;impressionnante tablette Mi Pad, Xiaomi a dévoilé une nouvelle télévision de son cru, la Mi TV 2. Une télévision de 49 pouces dotée d’un écran 4K et d’un prix inférieur à 500 euros. Le constructeur chinois Xiaomi joue véritablement les faiseurs de miracles. Après l’annonce de son incroyable tablette Mi Pad,#160;', 'file:////D://Users//Simon//Desktop//Projet Git//BDD//src//javafx//icons//rss_icon.png'),
('http://www.frandroid.com/rumeurs/217124_lg-g3-coque-en-titanium', 'LG G3 : une coque en titane ?', '2014-05-15', 'Aluminium ou plastique ? A priori, @evleaks nous garantit que la coque sera composée de titanium, un métal de transition léger, résistant, d#8217;un aspect blanc métallique et qui a la particularité de très bien résister à la corrosion. Néanmoins, restons prudents : le Titane est un matériau très onéreux, il n#8217;est pas probable de le voir#160;', 'file:////D://Users//Simon//Desktop//Projet Git//BDD//src//javafx//icons//rss_icon.png'),
('http://www.frandroid.com/smartphone/216808_wiko-slide-wax-sauce-phablette-se-montre-juste-peu', 'Wiko Slide : le Wax à la sauce phablette se montre, mais juste un peu', '2014-05-15', 'Les plus au fait de l#8217;actualité de Wiko auront peut-être repéré, fin mars dernier, l#8217;apparition d#8217;un certain Wiko Slide dans une présentation de la marque en Italie. On parlait alors d#8217;une phablette de 5,5 pouces (définition HD) équipée d#8217;un processeur quadri-cœur MediaTek cadencé à 1,3 GHz, d#8217;une mémoire vive s#8217;élevant à 1 Go, de 4#160;', 'file:////D://Users//Simon//Desktop//Projet Git//BDD//src//javafx//icons//rss_icon.png'),
('http://www.frandroid.com/smartphone/216978_philips-prepare-i928-puissant-smartphone-equipe-dun-ecran-6-pouces', 'Philips prépare le I928, un puissant smartphone équipé d’un écran de 6 pouces', '2014-05-15', 'Philips n#8217;est pas une marque très répandue dans l#8217;univers de la mobilité et ses smartphones reposaient habituellement sur des composants de piètre qualité. Pourtant, la société semble vouloir se faire une place dans la cours des grands avec un smartphone qui semble plutôt intéressant sur le papier : le Philips I928. Au programme : un#160;', 'file:////D://Users//Simon//Desktop//Projet Git//BDD//src//javafx//icons//rss_icon.png'),
('http://www.frandroid.com/tablette/216879_xiaomi-devoile-tablette-mi-pad-tegra-k1-batterie-6700-mah', 'Xiaomi dévoile sa tablette Mi Pad de 7,9 pouces : Tegra K1 et batterie 6700 mAh', '2014-05-15', 'Alors qu#8217;on s#8217;attendait à ce que Xiaomi lève le voile sur le Mi3S lors de la conférence de presse de ce matin, c#8217;est finalement une télévision et une tablette qui ont été dévoilées : la fameuse Mi Pad. Le constructeur chinois n#8217;a pas lésiné sur les moyens et a intégré dans sa première tablette des composants#160;', 'file:////D://Users//Simon//Desktop//Projet Git//BDD//src//javafx//icons//rss_icon.png'),
('http://www.lalibre.be/actu/international/genocide-rwandais-les-commemorations-ont-commence-534279da3570d35ee3e8e835', 'Génocide rwandais : les commémorations ont commencé', '2014-04-07', 'La commémoration principale du 20ème anniversaire du génocide au Rwanda a débuté lundi en fin de matinée dans le stade Amahoro (&quot;paix&quot;) de Kigali. \nSuivez la cérémonie en direct.', 'http://r.llb.be/image/2b/534279893570d35ee3e8e82b.jpg'),
('http://www.lalibre.be/actu/international/rwanda-juppe-diable-dans-un-benitier-534192973570d35ee3e83d86', 'Rwanda : Juppé, diable dans un bénitier', '2014-04-06', 'Une interview de Paul Kagame sur le rôle de la France et la Belgique dans le génocide a jeté le feu aux poudres. Christine Taubira ne se rendra pas au Rwanda. Alain Juppé était ministre des Affaires étrangères français à l&apos;époque. \nUn commentaire de Marie-France Cros.', 'http://r.llb.be/image/04/5342546f3570d35ee3e8d304.jpg'),
('http://www.lalibre.be/culture/cinema/dix-raisons-de-se-souvenir-de-mickey-rooney-534280003570aae038afda0a', 'Dix raisons de se souvenir de Mickey Rooney', '2014-04-07', 'Quelque deux mois après Shirley Temple, Hollywood dit adieu à l&apos;autre enfant-star de son âge d&apos;or. \nRetour en dix points sur une carrière exceptionnelle avec Alain Lorfèvre.', 'http://r.llb.be/image/62/53427fb23570d35ee3e8e862.jpg'),
('http://www.lalibre.be/culture/livres/quand-gandhi-aimait-un-homme-533d642c3570aae038acd3a6', 'Quand Gandhi aimait un homme', '2014-04-03', 'Gilbert Sinoué raconte un épisode méconnu de la vie du Mahatma Gandhi.', 'http://r.llb.be/image/27/534279823570d35ee3e8e827.jpg'),
('http://www.lalibre.be/culture/medias-tele/pour-une-fois-que-ce-n-est-pas-le-front-national-qui-parle-ici-53425eb93570d35ee3e8d365', '&quot;Pour une fois que ce n&apos;est pas le Front National qui parle ici&quot;', '2014-04-07', 'Comme il l&apos;avait expliqué à La Libre, face à des journalistes, Jean-Luc Mélenchon se met en position de combat. Ce lundi matin, alors qu&apos;il avait revêtu son armure de circonstance, il a provoqué la colère du sanguin journaliste de BFM TV. \nDécouvrez la scène en vidéo.', 'http://r.llb.be/image/94/534267343570d35ee3e8d394.jpg'),
('http://www.lalibre.be/culture/politique/la-flandre-cogite-sur-l-avenir-des-musees-534241fa3570aae038afae34', 'La Flandre cogite sur l’avenir des musées', '2014-04-07', 'Quel avenir pour nos musées ? La N-VA, en tout cas, voudrait leur accorder une plus grande autonomie \n “sous le contrôle des communautés flamande et française”. Joke Schauvliege invite discrètement les seuls responsables néerlandophones.', 'http://r.llb.be/image/3c/534241b83570d35ee3e8bc3c.jpg'),
('http://www.lalibre.be/debats/opinions/branle-bas-de-combat-a-paris-53425f003570aae038afc49e', 'Branle-bas de combat à Paris', '2014-04-07', 'Les humoristes français reprochaient à Jean-Marc Ayrault de dormir – et d&apos;endormir. Que le reproche fût fondé ou non, l&apos;heure du réveil a en tout cas sonné à Matignon, avec des airs de sonnerie de clairon dans une caserne. \n Philippe Paquet débriefe le remaniement. ', 'http://r.llb.be/image/9b/53425ef23570aae038afc49b.jpg'),
('http://www.lalibre.be/lifestyle/psycho/mediter-au-bureau-pour-lutter-contre-le-stress-53426c0c3570d35ee3e8d3f7', 'Méditer au bureau, pour lutter contre le stress', '2014-04-07', 'Aux Etats-Unis, de plus en plus de sociétés peuvent profiter de cours de méditation pendant l&apos;heure de bureau. Ces derniers seraient plus épanouis. Reportage.', 'http://r.llb.be/image/24/53426c8a3570aae038afd824.jpg'),
('http://www.lalibre.be/light/insolite/une-sportive-heurtee-a-la-tete-par-un-drone-534278983570aae038afd9de', 'Une sportive heurtée à la tête par un drone !', '2014-04-07', 'La malheureuse triathlète australienne a été heurtée par un appareil tombé du ciel.', 'http://r.llb.be/image/21/534278b43570d35ee3e8e821.jpg'),
('http://www.lesoir.be/513348/article/actualite/monde/2014-04-04/orban-promis-un-nouveau-sacre', 'Orban promis à un nouveau sacre', '2014-04-06', ' ', 'file:////D://Users//Simon//Desktop//Projet Git//BDD//src//javafx//icons//rss_icon.png'),
('http://www.lesoir.be/513603/article/actualite/monde/2014-04-05/defiant-talibans-afghans-ont-vote-en-masse', 'Défiant les talibans, les Afghans ont voté en masse', '2014-04-05', ' \n                \n            ', 'file:////D://Users//Simon//Desktop//Projet Git//BDD//src//javafx//icons//rss_icon.png'),
('http://www.lesoir.be/513694/article/actualite/monde/2014-04-05/fin-greve-chez-lufthansa-trafic-aerien-revient-normale-en-allemagne', 'Fin de grève chez Lufthansa: le trafic aérien revient à la normale en Allemagne', '2014-04-05', ' \n                \n            ', 'file:////D://Users//Simon//Desktop//Projet Git//BDD//src//javafx//icons//rss_icon.png'),
('http://www.lesoir.be/513709/article/actualite/fil-info/fil-info-monde/2014-04-05/turquie-blocage-youtube-reste-en-place', 'Turquie: le blocage de YouTube reste en place', '2014-04-05', ' \n                \n            ', 'file:////D://Users//Simon//Desktop//Projet Git//BDD//src//javafx//icons//rss_icon.png'),
('http://www.lesoir.be/513737/article/actualite/monde/2014-04-05/eva-braun-l-epouse-hitler-aurait-des-origines-juives', 'Eva Braun, l’épouse de Hitler, aurait des origines juives', '2014-04-05', ' \n                \n            ', 'file:////D://Users//Simon//Desktop//Projet Git//BDD//src//javafx//icons//rss_icon.png'),
('http://www.lesoir.be/513744/article/actualite/monde/2014-04-05/boeing-disparu-un-detecteur-boite-noire-repere-un-signal', 'Boeing disparu: un détecteur de boîte noire a repéré un signal', '2014-04-05', ' \n                \n            ', 'file:////D://Users//Simon//Desktop//Projet Git//BDD//src//javafx//icons//rss_icon.png'),
('http://www.lesoir.be/513753/article/actualite/monde/rwanda-1994-2014/2014-04-05/kagame-evoque-role-des-francais-et-belges-dans-preparation-politique-', 'Kagame évoque le rôle des Français et Belges «dans la préparation politique du génocide» ', '2014-04-05', ' \n                \n            ', 'file:////D://Users//Simon//Desktop//Projet Git//BDD//src//javafx//icons//rss_icon.png'),
('http://www.lesoir.be/513786/article/actualite/monde/2014-04-05/neuf-mois-il-est-accuse-tentative-meurtre-video', 'À neuf mois, il est accusé de tentative de meurtre (vidéo)', '2014-04-05', ' \n                \n            ', 'file:////D://Users//Simon//Desktop//Projet Git//BDD//src//javafx//icons//rss_icon.png'),
('http://www.lesoir.be/514029/article/actualite/monde/2014-04-06/boeing-disparu-un-deuxieme-signal-boite-noire-detecte', 'Boeing disparu: un deuxième signal de boîte noire détecté ', '2014-04-06', ' \n                \n            ', 'file:////D://Users//Simon//Desktop//Projet Git//BDD//src//javafx//icons//rss_icon.png'),
('http://www.lesoir.be/514159/article/actualite/monde/2014-04-06/presidentielle-afghane-un-camion-bulletins-vote-detruit', 'Présidentielle afghane: un camion de bulletins de vote détruit', '2014-04-06', ' \n                \n            ', 'file:////D://Users//Simon//Desktop//Projet Git//BDD//src//javafx//icons//rss_icon.png'),
('http://www.lesoir.be/514187/article/actualite/fil-info/fil-info-monde/2014-04-06/ukraine-des-manifestants-pro-russes-envahissent-siege-l-administrati', 'Ukraine: des manifestants pro-russes envahissent le siège de l’administration à Donetsk', '2014-04-06', ' \n                \n            ', 'file:////D://Users//Simon//Desktop//Projet Git//BDD//src//javafx//icons//rss_icon.png'),
('http://www.lesoir.be/514194/article/actualite/monde/2014-04-06/kicukiro-se-souvient-l-abandon-des-casques-bleus-belges', 'Kicukiro se souvient de l’abandon des Casques bleus belges', '2014-04-06', ' \n                \n            ', 'file:////D://Users//Simon//Desktop//Projet Git//BDD//src//javafx//icons//rss_icon.png'),
('http://www.lesoir.be/514303/article/actualite/monde/rwanda-1994-2014/2014-04-06/france-participera-aux-commemorations-du-genocide-rwandais-lundi', 'La France participera aux commémorations du génocide rwandais lundi', '2014-04-06', ' \n                \n            ', 'file:////D://Users//Simon//Desktop//Projet Git//BDD//src//javafx//icons//rss_icon.png'),
('http://www.lesoir.be/514345/article/actualite/monde/rwanda-1994-2014/2014-04-06/belgique-maintient-sa-delegation-kigali', 'La Belgique maintient sa délégation à Kigali', '2014-04-07', ' \n                \n            ', 'file:////D://Users//Simon//Desktop//Projet Git//BDD//src//javafx//icons//rss_icon.png'),
('http://www.lesoir.be/514362/article/actualite/monde/2014-04-06/parti-viktor-orban-en-tete-des-elections-en-hongrie', 'Le parti de Viktor Orban en tête des élections en Hongrie ', '2014-04-06', ' \n                \n            ', 'file:////D://Users//Simon//Desktop//Projet Git//BDD//src//javafx//icons//rss_icon.png'),
('http://www.lesoir.be/514421/article/actualite/monde/2014-04-07/boeing-disparu-nouveaux-signaux-detectes-dans-l-ocean-indien', 'Boeing disparu: de nouveaux signaux détectés dans l’Océan indien', '2014-04-07', ' \n                \n            ', 'file:////D://Users//Simon//Desktop//Projet Git//BDD//src//javafx//icons//rss_icon.png'),
('http://www.lesoir.be/514445/article/actualite/monde/2014-04-07/814-millions-d-electeurs-appeles-aux-urnes-en-inde', '814 millions d’électeurs appelés aux urnes en Inde', '2014-04-07', ' \n                \n            ', 'file:////D://Users//Simon//Desktop//Projet Git//BDD//src//javafx//icons//rss_icon.png'),
('http://www.lesoir.be/514490/article/actualite/monde/2014-04-07/l-aquila-renaitra-peut-etre-en…-2021', 'L’Aquila renaîtra peut-être en… 2021', '2014-04-07', ' \n                \n            ', 'file:////D://Users//Simon//Desktop//Projet Git//BDD//src//javafx//icons//rss_icon.png'),
('http://www.lesoir.be/514500/article/actualite/monde/2014-04-07/obama-mission-accomplie', 'Obama: «Mission accomplie»', '2014-04-07', ' \n                \n            ', 'file:////D://Users//Simon//Desktop//Projet Git//BDD//src//javafx//icons//rss_icon.png'),
('http://www.lesoir.be/514503/article/actualite/monde/2014-04-07/ukraine-des-pro-russes-proclament-une-republique-independante-donetsk', 'Ukraine: des pro-russes proclament une république indépendante à Donetsk', '2014-04-07', ' \n                \n            ', 'file:////D://Users//Simon//Desktop//Projet Git//BDD//src//javafx//icons//rss_icon.png'),
('http://www.tomshardware.fr/articles/4g-orange-bouygues,1-47294.html#xtor=RSS-100', '4G : Orange rattrape Bouygues Telecom', '2014-04-03', 'L&apos;ANFR a publié son observatoire des antennes 4G pour le mois d&apos;avril, il est donc temps de faire notre habituel point. Le mois de mars a vu une hausse moyenne de 5,1 % du nombre de sites autorisés, ce qui est identique à la hausse pendant le mois de fé', 'http://media.bestofmicro.com/N/X/429837/gallery/Sites-4G-avril-2014_rc_120x90.png'),
('http://www.tomshardware.fr/articles/adata-sp920-ssd-marvell,1-47307.html#xtor=RSS-100', 'AData SP920 : un SSD Marvell sans over-provisioning ?', '2014-04-03', 'AData vient de présenter son Premier Pro SP920, un SSD au format 2,5 pouces destiné au marché grand-public friand de « hautes performances »...', 'http://media.bestofmicro.com/N/P/429829/gallery/productGallery3033-1-_rc_120x90.jpg'),
('http://www.tomshardware.fr/articles/amd-radeon,1-47279.html#xtor=RSS-100', 'Radeon HD R9 295 X2 : la carte avec deux GPU Hawaii se précise', '2014-04-01', 'Les rumeurs sur la future carte AMD Radeon HD R9 295 X2 se précisent. ', 'http://media.bestofmicro.com/B/M/429394/gallery/113916i2opjlcjck77662p_rc_120x90.jpg'),
('http://www.tomshardware.fr/articles/amd-radeon-r5-230-caicos,1-47330.html#xtor=RSS-100', 'AMD R5 230 : du Caicos silencieux en entrée de gamme', '2014-04-07', 'Si la majorité des processeurs AMD et Intel disposent désormais d&apos;une partie graphique intégrée, il existe encore un (petit) marché pour les cartes graphiques d’entrée de gamme...', 'http://media.bestofmicro.com/1/6/430314/gallery/AMD-Releases-Low-End-Radeon-R5-230-Graphics-Card-435739-2-1-_rc_120x90.jpg'),
('http://www.tomshardware.fr/articles/android-kitkat,1-47293.html#xtor=RSS-100', 'Android KitKat aura-t-il le temps de s&apos;imposer ?', '2014-04-02', 'Cinq mois à peu près jour pour jour, Google présentait Android 4.4 KitKat. La pénétration d&apos;une nouvelle version d&apos;Android est traditionnellement lente, surtout pendant les premiers mois, le temps que les constructeurs l&apos;adaptent sur leurs smartphones. ', 'http://media.bestofmicro.com/K/3/429699/gallery/Capture-2014-04-02-at-23.10.09_rc_120x90.png'),
('http://www.tomshardware.fr/articles/bouygues-numericable-sfr,1-47319.html#xtor=RSS-100', 'L&apos;acheteur de SFR pourrait être choisi aujourd&apos;hui', '2014-04-04', 'Après de multiples rebondissements, le rachat de SFR pourrait être enfin décidé aujourd&apos;hui. C&apos;est en effet aujourd&apos;hui que prend fin le délai de trois semaines pendant lequel Vivendi s&apos;était engagée à rester en négociations exclusives avec Numericable.', 'http://media.bestofmicro.com/T/K/430040/gallery/Bouygues-VS-drahi_rc_120x90.jpg'),
('http://www.tomshardware.fr/articles/chromebook,1-47295.html#xtor=RSS-100', '9 Chromebook sur 10 sont vendus aux USA', '2014-04-02', 'Chrome OS fera-t-il oublier Windows ? La réponse à cette question dépend du succès des Chromebook. Et pour le moment, elle semble plutôt négative. Selon les décomptes de ABIresearch, il ne s&apos;en est vendu que 2,1 millions au cours de l&apos;année 2013. C&apos;est ', 'http://media.bestofmicro.com/5/F/414915/gallery/HP-chromebook-11_rc_120x90.jpg'),
('http://www.tomshardware.fr/articles/cmstorm-triggerz-kingston-hyperx-beast,1-47306.html#xtor=RSS-100', 'Revue de tests : CM Storm Trigger Z, Kingston HyperX Beast', '2014-04-03', 'Notre confrère Cowcotland a récemment mis en ligne un test du Trigger Z de CM Storm, un clavier mécanique qui vient prendre la relève de l’excellent Trigger du constructeur...', 'http://media.bestofmicro.com/N/I/429822/gallery/trigger_004-1-_rc_120x90.jpg'),
('http://www.tomshardware.fr/articles/comparatif-cartes-graphiques,1-47281.html#xtor=RSS-100', 'Comparez les cartes graphiques avec Tom’s Hardware', '2014-04-01', 'Comme c’est le cas régulièrement, nous venons de mettre à jour nos comparatifs, ou « charts ». Aujourd’hui, nous mettons plus particulièrement en ligne un nouveau comparatif de cartes graphiques, avec un banc de tests mis à jour en version 2014...', 'http://media.bestofmicro.com/B/X/38013/gallery/chart_doom3_1024_trilinear_rc_120x90.png'),
('http://www.tomshardware.fr/articles/dell-durci,1-47296.html#xtor=RSS-100', 'Deux nouveaux portables « durcis » chez Dell [MAJ]', '2014-04-03', 'Dell vient d&apos;annoncer deux nouveaux modèles d&apos;ordinateurs portables « durcis », c&apos;est-à-dire résistants aux vicissitudes de la vie professionnelle. ', 'http://media.bestofmicro.com/G/K/429572/gallery/_10A1317_rc_120x90.jpg'),
('http://www.tomshardware.fr/articles/dual-boot-ios6-ios7,1-47280.html#xtor=RSS-100', 'Un hack pour triple-booter iOS 5, 6 et 7 sur l&apos;iPad 2', '2014-04-01', 'Lors de la sortie d’iOS 7, nous vous avions indiqué la marche à suivre pour revenir à iOS 6. Cette manipulation n’est malheureusement pas restée possible très longtemps et depuis, nombreux sans doute sont ceux qui aimeraient récupérer l’ancien design. Bon', 'http://media.bestofmicro.com/I/H/283193/gallery/iPad2-Cover_rc_120x90.jpg'),
('http://www.tomshardware.fr/articles/finfet-turbo-tsmc,1-47269.html#xtor=RSS-100', 'Des FinFET 16 nm &quot;Turbo&quot; dès la fin de l&apos;année chez TSMC', '2014-04-01', 'Vous ne la connaissez peut-être pas, mais la société TSMC est une des plus essentielles à l&apos;industrie informatique. Dans ses usines, elle grave les processeurs de Qualcomm, Nvidia, AMD et sans doute bientôt Apple. C&apos;est toute l&apos;informatique mondiale qui', 'http://media.bestofmicro.com/D/5/312809/gallery/TSMC_rc_120x90.jpg'),
('http://www.tomshardware.fr/articles/glass-trademark,1-47324.html#xtor=RSS-100', 'Google veut posséder le mot Glass', '2014-04-07', 'Google aurait déposé une demande afin de protéger le mot Glass pour pouvoir le traiter comme une marque, mais les autorités américaines ne semble pas vouloir accéder à la requête du moteur de recherche, selon le Wall Street Journal.', 'http://media.bestofmicro.com/K/F/380463/gallery/google-glass_rc_120x90.jpg'),
('http://www.tomshardware.fr/articles/hi-4g-orange,1-47328.html#xtor=RSS-100', 'Hi 4G : le smartphone 4G à 120 € chez Orange', '2014-04-07', 'Orange, de temps en temps, propose des smartphones sous sa marque (comme un des premiers smartphones équipés d&apos;un Atom il y a quelques années). ', 'http://media.bestofmicro.com/1/4/430312/gallery/Unknown_rc_120x90.jpeg'),
('http://www.tomshardware.fr/articles/ibm-globalfoundries-rachat,1-47322.html#xtor=RSS-100', 'Globalfoundries rachèterait les semiconducteurs d&apos;IBM', '2014-04-05', 'Globalfoundries est aujourd’hui la société qui a le plus de chance de reprendre l’activité semiconducteurs d’IBM, selon les révélations du Wall Street Journal. Intel serait toujours dans la course et TSMC aurait finalement décidé d’abandonner.\n', 'http://media.bestofmicro.com/M/J/422011/gallery/p64347569-3_rc_120x90.jpg'),
('http://www.tomshardware.fr/articles/ibm-serveurs-lenovo-usa,1-47325.html#xtor=RSS-100', 'Les États-Unis s&apos;opposeraient au rachat des serveurs IBM par Lenovo', '2014-04-07', 'Le Pentagon et le FBI ont exprimé leurs craintes concernant le rachat de la division serveurs x86 d’IBM par Lenovo. Ces deux agences se fournissaient chez Big Blue et elles ont peur que le rachat n’ouvre la porte à des opérations de piratage chinoises.\n', 'http://media.bestofmicro.com/4/O/370824/gallery/Pentagon400-300_rc_120x90.jpg'),
('http://www.tomshardware.fr/articles/intel-braswell-cherry-trail-atom,1-47317.html#xtor=RSS-100', 'Intel Braswell : un Atom en 14 nm pour l’entrée de gamme', '2014-04-04', 'Intel a profité de l’IDF de Shenzen pour annoncer Braswell, le SoC qui devrait venir succéder à L’actuel Atom Bay Trail au catalogue du constructeur. Gravée en 14 nm, cette puce 64-bit est destinée au marché des ordinateurs et portables d’entrée de gamme.', 'http://media.bestofmicro.com/T/W/430052/gallery/intel-braswell-1-_rc_120x90.jpg'),
('http://www.tomshardware.fr/articles/intel-core-i5-4460t-haswell,1-47286.html#xtor=RSS-100', 'Intel Core i5-4460T : Haswell, quad-core et seulement 35W', '2014-04-02', 'C’est sans grande annonce et même plutôt en catimini qu’Intel vient de lancer le Core i5-4460T, un processeur Haswell quad-core « basse consommation » affichant un TDP de seulement 35 watts...', 'http://media.bestofmicro.com/S/K/207092/gallery/intel-logo_rc_120x90.jpg'),
('http://www.tomshardware.fr/articles/ipad-office,1-47323.html#xtor=RSS-100', 'Office pour iPad : déjà 12 millions de téléchargements', '2014-04-05', 'Le compte Twitter d’Office, la suite bureautique de Microsoft, a fait savoir qu’Office pour iPad avait dépassé les 12 millions de téléchargements sur l’App Store. Pour rappel, Office a été lancé le 27 mars dernier sur la plateforme de vente d’Apple.\n', 'http://media.bestofmicro.com/N/B/280775/gallery/apple-ipad-2_rc_120x90.jpg');
INSERT INTO `publication` (`url`, `title`, `releaseDate`, `description`, `image`) VALUES
('http://www.tomshardware.fr/articles/iphone6,1-47272.html#xtor=RSS-100', 'iPhone 6 : le plein de rumeurs, avec de vraies photos floues volées dedans', '2014-04-01', 'Sans doute pour célébrer l&apos;arrivée du printemps, les rumeurs et fuites supposées sur l&apos;iPhone 6 se multiplient ces derniers jours. Et elles n&apos;émanent plus seulement de quelques blogs ou forums chinois, les très sérieux Nikkei ou Reuters les appuient. Alor', 'http://media.bestofmicro.com/D/6/429450/gallery/iPhone-6-CW.jpg-Image-JPEG-1280-1740-pixels-_rc_120x90.png'),
('http://www.tomshardware.fr/articles/lacie-thunderbolt,1-47263.html#xtor=RSS-100', 'LaCie : jusqu&apos;à 48 To en Thunderbolt 2', '2014-04-07', 'LaCie vient d&apos;annoncer, lors du NAB, ses nouvelles solutions Thunderbolt 2, une interface très rapide utilisée essentiellement sur les ordinateurs Apple. ', 'http://media.bestofmicro.com/O/R/429867/gallery/2big_TBT2_3Qtr-open_rc_120x90.jpg'),
('http://www.tomshardware.fr/articles/lumia-930-windows-phone-8.1,1-47301.html#xtor=RSS-100', 'Nokia annonce le Lumia 930 pour aller avec Windows Phone 8.1', '2014-04-03', 'Nokia a dévoilé un nouveau téléphone, le Lumia 930, qui sert à promouvoir Windows Phone 8.1. Il a un design un peu plus rectangulaire que les anciens modèles...', 'http://media.bestofmicro.com/G/V/429583/gallery/BkOKWJ8CQAANIlR_rc_120x90.png'),
('http://www.tomshardware.fr/articles/msi-b85,1-47292.html#xtor=RSS-100', 'MSI : B85 et Mini ITX pour les joueurs', '2014-04-02', 'MSI vient d&apos;annoncer deux nouvelles cartes mères pour les joueurs, articulées autour du chipset B85. ', 'http://media.bestofmicro.com/G/D/429565/gallery/five_pictures3_3080_20140205145656_rc_120x90.png'),
('http://www.tomshardware.fr/articles/newton-mips-oit,1-47285.html#xtor=RSS-100', 'Newton, le processeur MIPS pour les objets connectés', '2014-04-02', 'Imagination, la société à l&apos;origine des PowerVR et qui avait racheté MIPS il y a quelques mois, vient d&apos;annoncer Newton, une plateforme pour les objets connectés. ', 'http://media.bestofmicro.com/F/H/429533/gallery/Ingenic-Newton-MIPS-based-Ingenic-JZ4775-CPU_rc_120x90.png'),
('http://www.tomshardware.fr/articles/nom-origine-high-tech-technologie,1-47291.html#xtor=RSS-100', 'Tom’s Guide : d’où viennent les grands noms de la high-tech ?', '2014-04-02', 'Nos collègues et voisins de chez Tom’s Guide viennent de mettre en ligne un dossier consacré aux grands noms de la high-tech, et plus particulièrement à leurs étonnantes origines...', 'http://media.bestofmicro.com/C/C/429420/gallery/all9_rc_120x90.jpg'),
('http://www.tomshardware.fr/articles/open-source-winjs,1-47299.html#xtor=RSS-100', 'WinJS devient open source', '2014-04-03', 'Microsoft vient de publier le code source de WinJS sous licence Apache 2.0. La mesure fut une agréable surprise qui marque non seulement un changement de politique pour la société...', 'http://media.bestofmicro.com/E/5/294701/gallery/windows8_rc_120x90.jpg'),
('http://www.tomshardware.fr/articles/pholed-galaxy-s5,1-47312.html#xtor=RSS-100', 'L&apos;écran du Galaxy S5 utiliserait des PHOLED', '2014-04-04', 'L’écran du Galaxy S5 est le meilleur écran de smartphone jamais testé par Display Mate. Il est nettement mieux que celui du Galaxy S4 et OLED-Info affirme que le secret de Samsung est dans l’utilisation de PHOLED.\n', 'http://media.bestofmicro.com/4/F/423951/gallery/gsmarena_001_rc_120x90.jpg'),
('http://www.tomshardware.fr/articles/raijintek-pallas-roccat-ryos-strike-x,1-47334.html#xtor=RSS-100', 'Revue de tests : Raijintek Pallas, ROCCAT Ryos MK Pro, Aerocool Strike-X Extrem BE', '2014-04-07', 'Notre confrère Cowcotland a récemment mis en ligne un test du Pallas du constructeur Raijintek, un système de refroidissement « top-flow » haut de gamme...', 'http://media.bestofmicro.com/1/5/430313/gallery/Raijintek_Pallas_011-1-_rc_120x90.jpg'),
('http://www.tomshardware.fr/articles/roaming-europe,1-47310.html#xtor=RSS-100', 'L&apos;Europe met fin au roaming', '2014-04-04', 'Le Parlement européen vient de voter la fin du roaming par les opérateurs de l’Union d’ici 2015. Le texte sera maintenant soumis au Conseil européen qui devra donner son accord, selon Le Monde.\n', 'http://media.bestofmicro.com/R/A/398854/gallery/Roaming_rc_120x90.jpg'),
('http://www.tomshardware.fr/articles/samsung-galaxy-processeur,1-47284.html#xtor=RSS-100', 'Le Galaxy S 4, Android 4.4 et la diminution de la fréquence du CPU', '2014-04-02', 'Avec Android 4.4, on le sait, Samsung a arrêté de tricher dans les benchmarks avec ses smartphones. Ou en tout cas, la triche est moins voyante...', 'http://media.bestofmicro.com/2/0/429048/gallery/image009_rc_120x90.png'),
('http://www.tomshardware.fr/articles/sfr-altice-numericable,1-47326.html#xtor=RSS-100', 'SFR : Vivendi choisit Numericable (Altice)', '2014-04-05', 'C&apos;est finalement aujourd&apos;hui, un samedi, que Videndi a annoncé son choix pour le rachat de SFR : ce sera Altice, maison mère de Numericable. ', 'http://media.bestofmicro.com/4/O/160872/gallery/logo_sfr_rc_120x90.png'),
('http://www.tomshardware.fr/articles/silencio-652s-almaz-sfx-st30sf,1-47314.html#xtor=RSS-100', 'Revue de tests : Silencio 652S, Attitude One Almaz, Silverstone SFX SST ST30SF', '2014-04-04', 'Notre confrère Cowcotland a récemment publié un test du Silencio 652S du constructeur Cooler Master, un boîtier bien entendu dédié au « silence »...', 'http://media.bestofmicro.com/3/7/426499/gallery/41a_rc_120x90.jpg'),
('http://www.tomshardware.fr/articles/sofia-atom,1-47303.html#xtor=RSS-100', 'SoFIA : l&apos;Atom 3G se montre', '2014-04-03', 'Intel, à l&apos;IDF, a montré le SoC SoFIA en action.', 'http://media.bestofmicro.com/S/K/207092/gallery/intel-logo_rc_120x90.jpg'),
('http://www.tomshardware.fr/articles/synthese-graphene-samsung,1-47318.html#xtor=RSS-100', 'Samsung trouve un moyen de fabriquer du graphène à grande échelle', '2014-04-04', 'Le graphène est un matériau miracle pour l&apos;électronique. Il est 100 fois meilleur conducteur que le silicium et a permis la réalisation de transistors ultrarapides. Il possède en plus des dizaines d&apos;autres applications potentielles grâce à ses excellentes', 'http://media.bestofmicro.com/U/4/430060/gallery/https-www.sciencemag.org-content-suppl-2014-04-02-science.1252268.DC1-Lee.SM.pdf_rc_120x90.png'),
('http://www.tomshardware.fr/articles/tegra-k1-directx-12,1-47311.html#xtor=RSS-100', 'Le Tegra K1 de NVIDIA gèrera DirectX 12', '2014-04-04', 'Le SoC Tegra K1 sera compatible DirectX 12, selon Bright Side of News. Nous savons déjà que la puce est compatible OpenGL 4.4 et OpenGL ES 3.0 (cf. « Tegra K1 : Nvidia nous en dit plus sur l’architecture »). La puce prendra aussi en charge CUDA.\n', 'http://media.bestofmicro.com/P/3/416919/gallery/displaymedia.ashx_rc_120x90.jpeg'),
('http://www.tomshardware.fr/articles/thermolab-itx30-asus-hero,1-47288.html#xtor=RSS-100', 'Revue de tests : ThermoLab ITX30, Asus Hero', '2014-04-02', 'Notre confrère Cowcotland a récemment mis en ligne un test du Thermolab ITX30, un système de refroidissement pour CPU, destiné aux machines compactes...', 'http://media.bestofmicro.com/F/7/429523/gallery/ThermoLab_ITX30_004-1-_rc_120x90.jpg'),
('http://www.tomshardware.fr/articles/usb3-reversible,1-47297.html#xtor=RSS-100', 'USB 3.1 réversible : vue d&apos;artiste et informations', '2014-04-02', 'L&apos;USB 3.1 et son connecteur réversible se précise, et The Verge nous livre une vue d&apos;artiste des câbles et des prises, imaginée à partir des informations glanées chez Foxconn. ', 'http://media.bestofmicro.com/F/J/429535/gallery/Capture-d-e-cran-2014-04-02-a-16.06.08_rc_120x90.png'),
('http://www.tomshardware.fr/articles/webos-hp-proces,1-47282.html#xtor=RSS-100', 'HP paye 57 millions $ parce qu&apos;il a abandonné WebOS', '2014-04-02', 'HP vient de passer un accord à l’amiable avec ses actionnaires dans le but de résoudre le procès intenté après l’abandon de WebOS et du TouchPad par Léo Apothéker (cf. « HP met fin au TouchPad et veut vendre sa division PC »).', 'http://media.bestofmicro.com/M/E/280742/gallery/webos-PC_rc_120x90.jpg'),
('http://www.tomshardware.fr/articles/wifi-11ac-qualcomm,1-47309.html#xtor=RSS-100', 'Du Wi-Fi 11ac à 1,7 gigabit/s chez Qualcomm', '2014-04-07', 'Depuis quelques années, la nome 802.11ac tente de faire son trou, entre l&apos;antique mais très utilisé 802.11g (54 mégabits/s) et le 802.11n. ', 'http://media.bestofmicro.com/Q/L/4845/gallery/qualcomm_rc_120x90.png'),
('http://www.tomshardware.fr/articles/wifi-5ghz,1-47304.html#xtor=RSS-100', 'De nouvelles fréquences 5 GHz pour le Wi-Fi... aux États-Unis', '2014-04-03', 'La FCC, aux États-Unis, commence à s&apos;inquiéter de la prolifération des réseaux Wi-Fi dans la bande des 5 GHz et vient d&apos;ouvrir au public quelques fréquences de plus. ', 'http://media.bestofmicro.com/U/1/271945/gallery/fcc-logo-cover_rc_120x90.png'),
('http://www.tomshardware.fr/articles/windows-8.1-menu-demarrer,1-47302.html#xtor=RSS-100', 'Microsoft cède et promet un menu Démarrer pour Windows 8.1 update 2', '2014-04-03', 'Parmi les nombreuses nouveautés de la Build, Microsoft a montré ce que le monde (presque) entier attend depuis deux ans : un menu démarrer pour Windows 8.1. Le bouton démarrer a déjà fait son retour mais il n&apos;appelle pour le moment que l&apos;écran d&apos;accueil à', 'http://media.bestofmicro.com/N/F/429819/gallery/vlcsnap-2014-04-03-10h32m01s82_rc_120x90.png'),
('http://www.tomshardware.fr/articles/windows-8.1-update,1-47321.html#xtor=RSS-100', 'Windows 8.1 Update : retour à l&apos;ergonomie de Windows XP ?', '2014-04-07', 'Windows 8.1 &quot;Update 1&quot; débarque demain. Cette nouvelle mise à jour améliore encore l&apos;ergonomie du système sur les PC classiques pilotés à la souris. Découvrez en images les dernières améliorations...Windows 8.1 Update : retour à l&apos;ergonomie de Windows X', 'http://media.bestofmicro.com/S/J/430003/gallery/win81u1-01_rc_120x90.png'),
('http://www.tomshardware.fr/articles/windows-8.1-update,5-233.html#xtor=RSS-100', 'Windows 8.1 Update : retour à l&apos;ergonomie de Windows XP ?', '2014-04-07', 'Windows 8.1 &quot;Update 1&quot; débarque le 8 Avril. Cette nouvelle mise à jour améliore encore l&apos;ergonomie du système sur les PC classiques pilotés à la souris. Découvrez en images les dernières améliorations...', 'http://media.bestofmicro.com/S/J/430003/gallery/win81u1-01_rc_120x90.png'),
('http://www.tomshardware.fr/articles/windows-gratuit,1-47305.html#xtor=RSS-100', 'Windows devient gratuit sur les écrans de 9 pouces et moins', '2014-04-03', 'Les rumeurs d&apos;une licence gratuite de Windows se sont faites insistantes ces derniers mois, à raison. Dans le flot d&apos;annonces de la Keynote d&apos;hier soir, Terry Myerson a glissé le fait que Windows serait dorénavant gratuit pour tous les smartphones et ta', 'http://media.bestofmicro.com/N/D/429817/gallery/vlcsnap-2014-04-03-10h34m13s15_rc_120x90.png'),
('http://www.tomshardware.fr/articles/windows-phone-8.1-windows-update1,1-47298.html#xtor=RSS-100', 'Microsoft annonce Windows Phone 8.1 et Windows 8.1 Update 1', '2014-04-02', 'Microsoft vient d’ouvrir sa Build Developper Conference et en profite pour annoncer deux « grosses » nouveautés très attendues : Windows Phone 8.1 et Windows 8.1 Update 1.', 'http://media.bestofmicro.com/G/R/429579/gallery/Image6_rc_120x90.jpg'),
('http://www.tomshardware.fr/articles/windows-xbox-one,1-47300.html#xtor=RSS-100', 'La Xbox One fera tourner des applications Windows', '2014-04-03', 'Microsoft a annoncé la création d’applications universelles qui tourneront sur PC, téléphones, tablettes et même la Xbox One.', 'http://media.bestofmicro.com/J/P/385621/gallery/xbox-one-console-2-625x1000_rc_120x90.jpg'),
('http://www.tomshardware.fr/articles/windows-xp,1-47290.html#xtor=RSS-100', 'Windows XP : retour sur plus de 12 ans de règne', '2014-04-03', 'Cette fois, nous y sommes ! Mardi prochain, Microsoft arrêtera définitivement le support de son système d&apos;exploitation phare, Windows XP. Ultime retour sur la genèse, les succès et les échecs du chef d’œuvre de Microsoft.Windows XP : retour sur plus de ', 'http://media.bestofmicro.com/I/1/427033/gallery/windows-xp-boot_rc_120x90.png'),
('http://www.tomshardware.fr/articles/windows-xp,5-227.html#xtor=RSS-100', 'Windows XP : retour sur plus de 12 ans de règne', '2014-04-03', 'Cette fois, nous y sommes ! Mardi prochain, Microsoft arrêtera définitivement le support de son système d&apos;exploitation phare, Windows XP. Ultime retour sur la genèse, les succès et les échecs du chef d’œuvre de Microsoft.', 'http://media.bestofmicro.com/I/1/427033/gallery/windows-xp-boot_rc_120x90.png'),
('http://www.tomshardware.fr/articles/windows-xp-eol,1-47313.html#xtor=RSS-100', 'Tom’s Guide : Arrêt de Windows XP, que faire ?', '2014-04-04', 'Alors que Windows XP est sur le point de définitivement tirer sa révérence, nos collègues et voisins de chez Tom’s Guide viennent de mettre en ligne un dossier consacré à l’après-Windows XP...', 'http://media.bestofmicro.com/C/T/421661/gallery/WindowsXP-Cover_rc_120x90.jpg'),
('http://www.tomshardware.fr/articles/xbox-one-ps4-ventes,1-47283.html#xtor=RSS-100', 'La PS4 se vend deux fois mieux que la Xbox One', '2014-04-02', 'Les derniers rapports de VGChartz affirment que durant la semaine qui s’est terminée le 22 mars 2013, il s’est venu presque deux fois plus de PS4 que de Xbox One...', 'http://media.bestofmicro.com/K/C/385644/gallery/59d51511-a3a1-42df-8f82-912b0a1e05cb.png-n-XBR_Hero2_rc_120x90.png'),
('http://xkcd.com/1349/', 'Shouldn&apos;t Be Hard', '2014-03-31', '', 'file:////D://Users//Simon//Desktop//Projet Git//BDD//src//javafx//icons//rss_icon.png'),
('http://xkcd.com/1350/', 'Lorenz', '2014-04-01', '\n', 'file:////D://Users//Simon//Desktop//Projet Git//BDD//src//javafx//icons//rss_icon.png'),
('http://xkcd.com/1351/', 'Metamaterials', '2014-04-04', '', 'file:////D://Users//Simon//Desktop//Projet Git//BDD//src//javafx//icons//rss_icon.png'),
('http://xkcd.com/1352/', 'Cosmologist on a Tire Swing', '2014-04-07', '', 'file:////D://Users//Simon//Desktop//Projet Git//BDD//src//javafx//icons//rss_icon.png');

-- --------------------------------------------------------

--
-- Structure de la table `readstatus`
--

CREATE TABLE IF NOT EXISTS `readstatus` (
  `user_email` varchar(200) COLLATE utf8_bin NOT NULL,
  `publication_url` varchar(200) COLLATE utf8_bin NOT NULL,
  `feed_url` varchar(200) COLLATE utf8_bin NOT NULL,
  `date` date NOT NULL,
  PRIMARY KEY (`user_email`,`publication_url`,`feed_url`)
) ENGINE=InnoDB DEFAULT CHARSET=utf8 COLLATE=utf8_bin;

--
-- Contenu de la table `readstatus`
--

INSERT INTO `readstatus` (`user_email`, `publication_url`, `feed_url`, `date`) VALUES
('Aneth@gmail.com', 'http://www.dhnet.be/conso/pourelle/l-arme-secrete-de-la-confiance-en-soi-534260cb3570d35ee3e8d36c', 'D:UsersSimonDesktopProjet GitBDD\nss\nss_dh.xml', '2014-05-15'),
('Aneth@gmail.com', 'http://www.dhnet.be/sports/football/division1/fc-bruges/le-bulletin-de-notes-de-bruges-5341b0503570d35ee3e85348', 'D:UsersSimonDesktopProjet GitBDD\nss\nss_dh.xml', '2014-05-08'),
('Aneth@gmail.com', 'http://www.dhnet.be/sports/football/division1/teklak-luzon-n-a-pas-trouve-de-reponse-tactique-5341bab03570aae038af6839', 'D:UsersSimonDesktopProjet GitBDD\nss\nss_dh.xml', '2014-05-15'),
('Anyavriel@gmail.com', 'http://web2.ulb.ac.be/actulb/index.php?article=5829', 'D:UsersSimonDesktopProjet GitBDD\nss\nss_ulb.xml', '2014-04-24'),
('Anyavriel@gmail.com', 'http://www.lalibre.be/culture/livres/quand-gandhi-aimait-un-homme-533d642c3570aae038acd3a6', 'D:UsersSimonDesktopProjet GitBDD\nss\nss_lalibre.xml', '2014-05-08'),
('Anyavriel@gmail.com', 'http://www.tomshardware.fr/articles/bouygues-numericable-sfr,1-47319.html#xtor=RSS-100', 'D:UsersSimonDesktopProjet GitBDD\nss\nss_tomshardware.xml', '2014-05-14'),
('Anyavriel@gmail.com', 'http://www.tomshardware.fr/articles/dell-durci,1-47296.html#xtor=RSS-100', 'D:UsersSimonDesktopProjet GitBDD\nss\nss_tomshardware.xml', '2014-05-11'),
('Anyavriel@gmail.com', 'http://www.tomshardware.fr/articles/ibm-globalfoundries-rachat,1-47322.html#xtor=RSS-100', 'D:UsersSimonDesktopProjet GitBDD\nss\nss_tomshardware.xml', '2014-05-09'),
('Borlur@gmail.com', 'http://feedproxy.google.com/~r/KorbensBlog-UpgradeYourMind/~3/1Zk87Po1e_U/glorious-leader.html', 'D:UsersSimonDesktopProjet GitBDD\nss\nss_korben.xml', '2014-05-12'),
('Borlur@gmail.com', 'http://feedproxy.google.com/~r/KorbensBlog-UpgradeYourMind/~3/5o7unSwgK04/the-flash-revient-nouvelle-serie.html', 'D:UsersSimonDesktopProjet GitBDD\nss\nss_korben.xml', '2014-05-11'),
('Borlur@gmail.com', 'http://feedproxy.google.com/~r/KorbensBlog-UpgradeYourMind/~3/niH1w782DC4/jumpcut-multiple-copier-coller-osx.html', 'D:UsersSimonDesktopProjet GitBDD\nss\nss_korben.xml', '2014-05-16'),
('Borlur@gmail.com', 'http://feedproxy.google.com/~r/KorbensBlog-UpgradeYourMind/~3/o_W91jWmdf0/drm-mozilla-pris-bonne-decision.html', 'D:UsersSimonDesktopProjet GitBDD\nss\nss_korben.xml', '2014-05-07'),
('Borlur@gmail.com', 'http://rss.feedsportal.com/c/808/f/413796/s/3a76278b/sc/37/l/0L0Sjeuxvideo0N0Cnews0C20A140C0A0A0A7210A60Ecounter0Estrike0Een0Etotale0Evr0Eca0Edonne0Equoi0Bhtm/story01.htm', 'D:UsersSimonDesktopProjet GitBDD\nss\nss_jvc.xml', '2014-05-16'),
('Borlur@gmail.com', 'http://rss.feedsportal.com/c/808/f/413796/s/3a7df86e/sc/23/l/0L0Sjeuxvideo0N0Cnews0C20A140C0A0A0A72130A0Ehalo0E50Eguardians0Epour0Eautomne0E20A150Bhtm/story01.htm', 'D:UsersSimonDesktopProjet GitBDD\nss\nss_jvc.xml', '2014-04-23'),
('Borlur@gmail.com', 'http://www.dhnet.be/people-buzz/familles-royales/albert-n-aurait-pas-rendu-visite-a-laurent-534259803570aae038afc410', 'D:UsersSimonDesktopProjet GitBDD\nss\nss_dh.xml', '2014-05-02'),
('Borlur@gmail.com', 'http://www.dhnet.be/sports/football/diablesrouges/vanden-borre-a-gagne-son-duel-a-distance-5341afd83570d35ee3e85347', 'D:UsersSimonDesktopProjet GitBDD\nss\nss_dh.xml', '2014-05-11'),
('Borlur@gmail.com', 'http://www.frandroid.com/android/216937_android-pret-version-64-bit-du-tegra-k1-nvidia', 'D:UsersSimonDesktopProjet GitBDD\nss\nss_jdg.xml', '2014-05-11'),
('Borlur@gmail.com', 'http://www.frandroid.com/marques/samsung/216857_galaxy-gear-samsung-va-passer-dandroid-tizen-via-mise-jour', 'D:UsersSimonDesktopProjet GitBDD\nss\nss_jdg.xml', '2014-05-16'),
('Borlur@gmail.com', 'http://www.lesoir.be/514421/article/actualite/monde/2014-04-07/boeing-disparu-nouveaux-signaux-detectes-dans-l-ocean-indien', 'D:UsersSimonDesktopProjet GitBDD\nss\nss_lesoirmonde.xml', '2014-05-15'),
('Borlur@gmail.com', 'http://www.lesoir.be/514445/article/actualite/monde/2014-04-07/814-millions-d-electeurs-appeles-aux-urnes-en-inde', 'D:UsersSimonDesktopProjet GitBDD\nss\nss_lesoirmonde.xml', '2014-05-13'),
('Cirdothaur@gmail.com', 'http://feedproxy.google.com/~r/KorbensBlog-UpgradeYourMind/~3/SziJMRKqsVc/android-popcorn-time.html', 'D:UsersSimonDesktopProjet GitBDD\nss\nss_korben.xml', '2014-03-27'),
('Cirdothaur@gmail.com', 'http://feedproxy.google.com/~r/KorbensBlog-UpgradeYourMind/~3/lLz0vwKoJeA/babun-enfin-vrai-terminal-windows.html', 'D:UsersSimonDesktopProjet GitBDD\nss\nss_korben.xml', '2014-04-06'),
('Cirdothaur@gmail.com', 'http://rss.feedsportal.com/c/808/f/413796/s/3a7896c1/sc/23/l/0L0Sjeuxvideo0N0Cnews0C20A140C0A0A0A721150Eheavy0Ebullets0Eun0Efps0Ea0Eballes0Elimitees0Bhtm/story01.htm', 'D:UsersSimonDesktopProjet GitBDD\nss\nss_jvc.xml', '2014-04-04'),
('Cirdothaur@gmail.com', 'http://www.dhnet.be/sports/f1/et-le-champion-du-monde-sera-5341a78d3570d35ee3e852f7', 'D:UsersSimonDesktopProjet GitBDD\nss\nss_dh.xml', '2014-05-11'),
('Cirdothaur@gmail.com', 'http://www.dhnet.be/sports/football/division1/anderlecht/praet-nous-sommes-obliges-de-viser-la-1re-place-5341c93b3570aae038af7cde', 'D:UsersSimonDesktopProjet GitBDD\nss\nss_dh.xml', '2014-05-01'),
('Cirdothaur@gmail.com', 'http://www.frandroid.com/android/216937_android-pret-version-64-bit-du-tegra-k1-nvidia', 'D:UsersSimonDesktopProjet GitBDD\nss\nss_jdg.xml', '2014-05-17'),
('Cirdothaur@gmail.com', 'http://www.frandroid.com/marques/motorola/216656_prise-en-main-du-motorola-moto-e', 'D:UsersSimonDesktopProjet GitBDD\nss\nss_jdg.xml', '2014-05-14'),
('Cirdothaur@gmail.com', 'http://www.lesoir.be/514445/article/actualite/monde/2014-04-07/814-millions-d-electeurs-appeles-aux-urnes-en-inde', 'D:UsersSimonDesktopProjet GitBDD\nss\nss_lesoirmonde.xml', '2014-05-13'),
('Cirdothaur@gmail.com', 'http://www.tomshardware.fr/articles/dual-boot-ios6-ios7,1-47280.html#xtor=RSS-100', 'D:UsersSimonDesktopProjet GitBDD\nss\nss_tomshardware.xml', '2014-02-25'),
('Darrogsenae@gmail.com', 'http://feedproxy.google.com/~r/KorbensBlog-UpgradeYourMind/~3/165KQQLrQFw/monument-valley-test.html', 'D:UsersSimonDesktopProjet GitBDD\nss\nss_korben.xml', '2014-05-17'),
('Darrogsenae@gmail.com', 'http://feedproxy.google.com/~r/KorbensBlog-UpgradeYourMind/~3/3ImtY171d4I/octotree.html', 'D:UsersSimonDesktopProjet GitBDD\nss\nss_korben.xml', '2014-05-17'),
('Darrogsenae@gmail.com', 'http://feedproxy.google.com/~r/KorbensBlog-UpgradeYourMind/~3/5koQwbjrjR8/oinker-les-radioamateurs-envoyer-emails-les-ondes.html', 'D:UsersSimonDesktopProjet GitBDD\nss\nss_korben.xml', '2014-05-16'),
('Darrogsenae@gmail.com', 'http://feedproxy.google.com/~r/KorbensBlog-UpgradeYourMind/~3/Q-w0h6g4bhY/savoir-les-licences-creative-commons-en-2-min.html', 'D:UsersSimonDesktopProjet GitBDD\nss\nss_korben.xml', '2014-05-17'),
('Darrogsenae@gmail.com', 'http://feedproxy.google.com/~r/KorbensBlog-UpgradeYourMind/~3/SziJMRKqsVc/android-popcorn-time.html', 'D:UsersSimonDesktopProjet GitBDD\nss\nss_korben.xml', '2014-05-16'),
('Darrogsenae@gmail.com', 'http://rss.feedsportal.com/c/808/f/413796/s/3a7845d7/sc/27/l/0L0Sjeuxvideo0N0Cnews0C20A140C0A0A0A721140Eultra0Estreet0Efighter0E40Edates0Eet0Eprix0Bhtm/story01.htm', 'D:UsersSimonDesktopProjet GitBDD\nss\nss_jvc.xml', '2014-05-16'),
('Darrogsenae@gmail.com', 'http://www.dhnet.be/regions/liege/promotion-d-kinet-vire-du-rfc-liege-qui-a-peut-etre-perdu-le-titre-5341907e3570d35ee3e83d72', 'D:UsersSimonDesktopProjet GitBDD\nss\nss_dh.xml', '2014-05-17'),
('Darrogsenae@gmail.com', 'http://www.lalibre.be/culture/medias-tele/pour-une-fois-que-ce-n-est-pas-le-front-national-qui-parle-ici-53425eb93570d35ee3e8d365', 'D:UsersSimonDesktopProjet GitBDD\nss\nss_lalibre.xml', '2014-05-16'),
('Darrogsenae@gmail.com', 'http://www.lesoir.be/514500/article/actualite/monde/2014-04-07/obama-mission-accomplie', 'D:UsersSimonDesktopProjet GitBDD\nss\nss_lesoirmonde.xml', '2014-05-17'),
('Dilegdor@gmail.com', 'http://www.dhnet.be/actu/monde/elections-hongroises-viktor-orban-en-tete-devant-la-gauche-53419e023570aae038af52bd', 'D:UsersSimonDesktopProjet GitBDD\nss\nss_dh.xml', '2014-05-09'),
('Dorlieneor@gmail.com', 'http://rss.feedsportal.com/c/808/f/413796/s/3a76278b/sc/37/l/0L0Sjeuxvideo0N0Cnews0C20A140C0A0A0A7210A60Ecounter0Estrike0Een0Etotale0Evr0Eca0Edonne0Equoi0Bhtm/story01.htm', 'D:UsersSimonDesktopProjet GitBDD\nss\nss_jvc.xml', '2014-03-02'),
('Dorlieneor@gmail.com', 'http://rss.feedsportal.com/c/808/f/413796/s/3a762c56/sc/27/l/0L0Sjeuxvideo0N0Cnews0C20A140C0A0A0A7210A70Eles0Edeux0Edead0Eisland0Ereunis0Ea0Epetit0Eprix0Bhtm/story01.htm', 'D:UsersSimonDesktopProjet GitBDD\nss\nss_jvc.xml', '2014-05-11'),
('Dorlieneor@gmail.com', 'http://rss.feedsportal.com/c/808/f/413796/s/3a7df86e/sc/23/l/0L0Sjeuxvideo0N0Cnews0C20A140C0A0A0A72130A0Ehalo0E50Eguardians0Epour0Eautomne0E20A150Bhtm/story01.htm', 'D:UsersSimonDesktopProjet GitBDD\nss\nss_jvc.xml', '2014-05-15'),
('Dorlieneor@gmail.com', 'http://www.dhnet.be/actu/faits/un-homme-victime-d-une-tentative-de-meurtre-a-la-chevrotine-a-autreppe-53425d403570d35ee3e8d346', 'D:UsersSimonDesktopProjet GitBDD\nss\nss_dh.xml', '2014-03-18'),
('Dorlieneor@gmail.com', 'http://www.dhnet.be/sports/football/diablesrouges/casteels-forfait-qui-sera-notre-3e-gardien-au-bresil-53424f7a3570d35ee3e8d2bb', 'D:UsersSimonDesktopProjet GitBDD\nss\nss_dh.xml', '2014-03-30'),
('Dorlieneor@gmail.com', 'http://www.dhnet.be/sports/tennis/atp-houston-ruben-bemelmans-a-une-victoire-du-tableau-final-534252983570d35ee3e8d2e8', 'D:UsersSimonDesktopProjet GitBDD\nss\nss_dh.xml', '2014-05-07'),
('Dorlieneor@gmail.com', 'http://www.frandroid.com/smartphone/216808_wiko-slide-wax-sauce-phablette-se-montre-juste-peu', 'D:UsersSimonDesktopProjet GitBDD\nss\nss_jdg.xml', '2014-03-09'),
('Dorlieneor@gmail.com', 'http://www.frandroid.com/smartphone/216978_philips-prepare-i928-puissant-smartphone-equipe-dun-ecran-6-pouces', 'D:UsersSimonDesktopProjet GitBDD\nss\nss_jdg.xml', '2014-04-25'),
('Elshebdothque@gmail.com', 'http://www.lesoir.be/513603/article/actualite/monde/2014-04-05/defiant-talibans-afghans-ont-vote-en-masse', 'D:UsersSimonDesktopProjet GitBDD\nss\nss_lesoirmonde.xml', '2014-04-30'),
('Elshebdothque@gmail.com', 'http://www.tomshardware.fr/articles/ipad-office,1-47323.html#xtor=RSS-100', 'D:UsersSimonDesktopProjet GitBDD\nss\nss_tomshardware.xml', '2014-03-14'),
('Folrin@gmail.com', 'http://www.dhnet.be/sports/football/division1/olivier-deschacht-gagnons-en-deplacement-apres-on-parlera-du-titre-5341c24e3570d35ee3e86814', 'D:UsersSimonDesktopProjet GitBDD\nss\nss_dh.xml', '2014-03-24'),
('Folrin@gmail.com', 'http://www.dhnet.be/sports/football/europe/championnatsetrangers/ligue-1-monaco-retarde-la-fete-parisienne-5341c3983570d35ee3e8681a', 'D:UsersSimonDesktopProjet GitBDD\nss\nss_dh.xml', '2014-03-13'),
('Folrin@gmail.com', 'http://www.dhnet.be/sports/football/mercato/mourinho-voudrait-voir-courtois-titulaire-a-chelsea-53426bfa3570aae038afd818', 'D:UsersSimonDesktopProjet GitBDD\nss\nss_dh.xml', '2014-04-20'),
('Folrin@gmail.com', 'http://www.frandroid.com/android/217112_google-play-accepte-paypal-methode-paiement-en-france-au-canada', 'D:UsersSimonDesktopProjet GitBDD\nss\nss_jdg.xml', '2014-02-06'),
('Folrin@gmail.com', 'http://www.frandroid.com/smartphone/216808_wiko-slide-wax-sauce-phablette-se-montre-juste-peu', 'D:UsersSimonDesktopProjet GitBDD\nss\nss_jdg.xml', '2014-04-06'),
('Gasithfar@gmail.com', 'http://www.dhnet.be/people-buzz/sports/une-sportive-heurtee-a-la-tete-par-un-drone-534266c73570aae038afd7ed', 'D:UsersSimonDesktopProjet GitBDD\nss\nss_dh.xml', '2014-03-22'),
('Gasithfar@gmail.com', 'http://www.dhnet.be/sports/football/diablesrouges/casteels-forfait-qui-sera-notre-3e-gardien-au-bresil-53424f7a3570d35ee3e8d2bb', 'D:UsersSimonDesktopProjet GitBDD\nss\nss_dh.xml', '2014-04-26'),
('Gasithfar@gmail.com', 'http://www.dhnet.be/sports/football/division1/anderlecht/praet-nous-sommes-obliges-de-viser-la-1re-place-5341c93b3570aae038af7cde', 'D:UsersSimonDesktopProjet GitBDD\nss\nss_dh.xml', '2014-04-18'),
('Gasithfar@gmail.com', 'http://www.dhnet.be/sports/tennis/wta-charleston-victoire-de-l-allemande-andrea-petkovic-5341a2f53570d35ee3e852ab', 'D:UsersSimonDesktopProjet GitBDD\nss\nss_dh.xml', '2014-04-19'),
('Gasithfar@gmail.com', 'http://www.frandroid.com/0-android/operateurs/217104_orange-achetait-bouygues-telecom', 'D:UsersSimonDesktopProjet GitBDD\nss\nss_jdg.xml', '2014-04-16'),
('Gonmith@gmail.com', 'http://www.dhnet.be/sports/football/division2/eupen/l-alliance-renoue-avec-le-succes-4-0-5341a0613570d35ee3e85274', 'D:UsersSimonDesktopProjet GitBDD\nss\nss_dh.xml', '2014-03-28'),
('Gothdor@gmail.com', 'http://www.dhnet.be/actu/sante/cancer-du-cerveau-chez-l-enfant-de-nouvelles-pistes-therapeutiques-5341a9933570d35ee3e85317', 'D:UsersSimonDesktopProjet GitBDD\nss\nss_dh.xml', '2014-05-17'),
('Gothdor@gmail.com', 'http://www.dhnet.be/sports/football/diablesrouges/vanden-borre-a-gagne-son-duel-a-distance-5341afd83570d35ee3e85347', 'D:UsersSimonDesktopProjet GitBDD\nss\nss_dh.xml', '2014-05-16'),
('Gothdor@gmail.com', 'http://www.lalibre.be/culture/cinema/dix-raisons-de-se-souvenir-de-mickey-rooney-534280003570aae038afda0a', 'D:UsersSimonDesktopProjet GitBDD\nss\nss_lalibre.xml', '2014-05-01'),
('Gothdor@gmail.com', 'http://www.tomshardware.fr/articles/4g-orange-bouygues,1-47294.html#xtor=RSS-100', 'D:UsersSimonDesktopProjet GitBDD\nss\nss_tomshardware.xml', '2014-05-05'),
('Gothdor@gmail.com', 'http://www.tomshardware.fr/articles/thermolab-itx30-asus-hero,1-47288.html#xtor=RSS-100', 'D:UsersSimonDesktopProjet GitBDD\nss\nss_tomshardware.xml', '2014-05-07'),
('Halmorre@gmail.com', 'http://www.dhnet.be/sports/football/diablesrouges/proto-tant-mieux-pour-moi-si-wilmots-m-appelle-5341d0273570d35ee3e86835', 'D:UsersSimonDesktopProjet GitBDD\nss\nss_dh.xml', '2014-05-17'),
('Honranre@gmail.com', 'http://feedproxy.google.com/~r/KorbensBlog-UpgradeYourMind/~3/u42y-HxMp4M/15-comics-batman-gagner-jolis-fonds-decran.html', 'D:UsersSimonDesktopProjet GitBDD\nss\nss_korben.xml', '2014-05-08'),
('Honranre@gmail.com', 'http://rss.feedsportal.com/c/808/f/413796/s/3a7dc309/sc/23/l/0L0Sjeuxvideo0N0Cnews0C20A140C0A0A0A72130A0Ehalo0E50Eguardians0Epour0El0Eautomne0E20A150Bhtm/story01.htm', 'D:UsersSimonDesktopProjet GitBDD\nss\nss_jvc.xml', '2014-04-21'),
('Honranre@gmail.com', 'http://www.dhnet.be/sports/football/diablesrouges/vanden-borre-a-gagne-son-duel-a-distance-5341afd83570d35ee3e85347', 'D:UsersSimonDesktopProjet GitBDD\nss\nss_dh.xml', '2014-05-09'),
('Honranre@gmail.com', 'http://www.frandroid.com/tablette/216879_xiaomi-devoile-tablette-mi-pad-tegra-k1-batterie-6700-mah', 'D:UsersSimonDesktopProjet GitBDD\nss\nss_jdg.xml', '2014-05-16'),
('Honranre@gmail.com', 'http://www.tomshardware.fr/articles/finfet-turbo-tsmc,1-47269.html#xtor=RSS-100', 'D:UsersSimonDesktopProjet GitBDD\nss\nss_tomshardware.xml', '2014-05-17'),
('Honranre@gmail.com', 'http://www.tomshardware.fr/articles/newton-mips-oit,1-47285.html#xtor=RSS-100', 'D:UsersSimonDesktopProjet GitBDD\nss\nss_tomshardware.xml', '2014-05-14'),
('Iathbel@gmail.com', 'http://rss.feedsportal.com/c/808/f/413796/s/3a7df86e/sc/23/l/0L0Sjeuxvideo0N0Cnews0C20A140C0A0A0A72130A0Ehalo0E50Eguardians0Epour0Eautomne0E20A150Bhtm/story01.htm', 'D:UsersSimonDesktopProjet GitBDD\nss\nss_jvc.xml', '2014-04-13'),
('Iathbel@gmail.com', 'http://www.dhnet.be/sports/tennis/wta-facile-victoire-d-ana-ivanovic-a-monterrey-53423c243570d35ee3e8ba7d', 'D:UsersSimonDesktopProjet GitBDD\nss\nss_dh.xml', '2014-03-15'),
('Iathbel@gmail.com', 'http://www.frandroid.com/applications/217178_mise-jour-du-google-play-store-beau-pratique-informatif', 'D:UsersSimonDesktopProjet GitBDD\nss\nss_jdg.xml', '2014-05-07'),
('Iathrilkim@gmail.com', 'http://rss.feedsportal.com/c/808/f/413796/s/3a727a9a/sc/27/l/0L0Sjeuxvideo0N0Cnews0C20A140C0A0A0A720A990Ephilips0Eattaque0Enintendo0Een0Ejustice0Bhtm/story01.htm', 'D:UsersSimonDesktopProjet GitBDD\nss\nss_jvc.xml', '2014-05-05'),
('Iathrilkim@gmail.com', 'http://rss.feedsportal.com/c/808/f/413796/s/3a7554a3/sc/23/l/0L0Sjeuxvideo0N0Carticles0C0A0A0A10C0A0A0A196110Ethe0Ewalking0Edead0Esaison0E20Eepisode0E30Ein0Eharm0Es0Eway0Etest0Bhtm/story01.htm', 'D:UsersSimonDesktopProjet GitBDD\nss\nss_jvc.xml', '2014-04-29'),
('Iathrilkim@gmail.com', 'http://rss.feedsportal.com/c/808/f/413796/s/3a7845d7/sc/27/l/0L0Sjeuxvideo0N0Cnews0C20A140C0A0A0A721140Eultra0Estreet0Efighter0E40Edates0Eet0Eprix0Bhtm/story01.htm', 'D:UsersSimonDesktopProjet GitBDD\nss\nss_jvc.xml', '2014-05-09'),
('Iathrilkim@gmail.com', 'http://www.dhnet.be/conso/consommation/pieces-de-1-et-2-cents-supprimees-les-supermarches-n-arrondiront-pas-les-tickets-de-caisse-534275d53570aae038afd9ca', 'D:UsersSimonDesktopProjet GitBDD\nss\nss_dh.xml', '2014-05-05'),
('Iathrilkim@gmail.com', 'http://www.dhnet.be/sports/football/division2/eupen/l-alliance-renoue-avec-le-succes-4-0-5341a0613570d35ee3e85274', 'D:UsersSimonDesktopProjet GitBDD\nss\nss_dh.xml', '2014-05-03'),
('Iathrilkim@gmail.com', 'http://www.frandroid.com/0-android/operateurs/217109_free-mobile-maintient-croissance-atteint-86-millions-clients', 'D:UsersSimonDesktopProjet GitBDD\nss\nss_jdg.xml', '2014-03-19'),
('Ionhimbil@gmail.com', 'http://www.dhnet.be/actu/monde/il-traverse-la-seine-sur-un-fil-a-25-metres-de-hauteur-5341a1f23570aae038af52ed', 'D:UsersSimonDesktopProjet GitBDD\nss\nss_dh.xml', '2014-05-15'),
('Ionhimbil@gmail.com', 'http://www.dhnet.be/people-buzz/familles-royales/albert-n-aurait-pas-rendu-visite-a-laurent-534259803570aae038afc410', 'D:UsersSimonDesktopProjet GitBDD\nss\nss_dh.xml', '2014-05-07'),
('Ionhimbil@gmail.com', 'http://www.dhnet.be/sports/football/division2/eupen/l-alliance-renoue-avec-le-succes-4-0-5341a0613570d35ee3e85274', 'D:UsersSimonDesktopProjet GitBDD\nss\nss_dh.xml', '2014-05-11'),
('Ionhimbil@gmail.com', 'http://www.dhnet.be/sports/football/europe/championnatsetrangers/giggs-souhaiterait-quitter-manchester-united-53424ee23570d35ee3e8d2b5', 'D:UsersSimonDesktopProjet GitBDD\nss\nss_dh.xml', '2014-05-02'),
('Ionhimbil@gmail.com', 'http://www.dhnet.be/sports/tennis/classements-atp-et-wta-david-goffin-106e-kirsten-flipkens-repasse-24e-534249743570d35ee3e8d15f', 'D:UsersSimonDesktopProjet GitBDD\nss\nss_dh.xml', '2014-05-14'),
('Kimvielsyl@gmail.com', 'http://www.dhnet.be/actu/monde/vol-mh370-l-australie-annonce-la-detection-de-nouveaux-signaux-53422ee93570aae038af9870', 'D:UsersSimonDesktopProjet GitBDD\nss\nss_dh.xml', '2014-04-22'),
('Kimvielsyl@gmail.com', 'http://www.dhnet.be/sports/football/diablesrouges/casteels-forfait-qui-sera-notre-3e-gardien-au-bresil-53424f7a3570d35ee3e8d2bb', 'D:UsersSimonDesktopProjet GitBDD\nss\nss_dh.xml', '2014-05-10'),
('Malbaneath@gmail.com', 'http://www.dhnet.be/conso/consommation/busine-du-vin-comment-le-fric-tue-l-ame-des-grands-crus-533eb9af3570aae038ad99d8', 'D:UsersSimonDesktopProjet GitBDD\nss\nss_dh.xml', '2014-05-10'),
('Malbaneath@gmail.com', 'http://www.dhnet.be/people-buzz/familles-royales/albert-n-aurait-pas-rendu-visite-a-laurent-534259803570aae038afc410', 'D:UsersSimonDesktopProjet GitBDD\nss\nss_dh.xml', '2014-05-16'),
('Malbaneath@gmail.com', 'http://www.dhnet.be/sports/football/diablesrouges/casteels-forfait-qui-sera-notre-3e-gardien-au-bresil-53424f7a3570d35ee3e8d2bb', 'D:UsersSimonDesktopProjet GitBDD\nss\nss_dh.xml', '2014-05-17'),
('Malbaneath@gmail.com', 'http://www.lesoir.be/513694/article/actualite/monde/2014-04-05/fin-greve-chez-lufthansa-trafic-aerien-revient-normale-en-allemagne', 'D:UsersSimonDesktopProjet GitBDD\nss\nss_lesoirmonde.xml', '2014-04-28'),
('Malbaneath@gmail.com', 'http://www.tomshardware.fr/articles/intel-braswell-cherry-trail-atom,1-47317.html#xtor=RSS-100', 'D:UsersSimonDesktopProjet GitBDD\nss\nss_tomshardware.xml', '2014-04-28'),
('Malbaneath@gmail.com', 'http://www.tomshardware.fr/articles/raijintek-pallas-roccat-ryos-strike-x,1-47334.html#xtor=RSS-100', 'D:UsersSimonDesktopProjet GitBDD\nss\nss_tomshardware.xml', '2014-03-25'),
('Malbaneath@gmail.com', 'http://www.tomshardware.fr/articles/windows-8.1-menu-demarrer,1-47302.html#xtor=RSS-100', 'D:UsersSimonDesktopProjet GitBDD\nss\nss_tomshardware.xml', '2014-04-15'),
('Mantoldain@gmail.com', 'http://www.dhnet.be/actu/belgique/pairi-daiza-du-monde-pour-voir-les-pandas-53419a493570aae038af529d', 'D:UsersSimonDesktopProjet GitBDD\nss\nss_dh.xml', '2014-04-11'),
('Mantoldain@gmail.com', 'http://www.dhnet.be/actu/faits/les-medecins-discutent-de-prelever-les-organes-d-un-patient-conscient-534266a63570d35ee3e8d38d', 'D:UsersSimonDesktopProjet GitBDD\nss\nss_dh.xml', '2014-05-16'),
('Mantoldain@gmail.com', 'http://www.dhnet.be/actu/monde/elections-hongroises-viktor-orban-en-tete-devant-la-gauche-53419e023570aae038af52bd', 'D:UsersSimonDesktopProjet GitBDD\nss\nss_dh.xml', '2014-04-03'),
('Mechlorman@gmail.com', 'http://www.dhnet.be/actu/faits/les-medecins-discutent-de-prelever-les-organes-d-un-patient-conscient-534266a63570d35ee3e8d38d', 'D:UsersSimonDesktopProjet GitBDD\nss\nss_dh.xml', '2014-04-03'),
('Minaurman@gmail.com', 'http://www.dhnet.be/sports/football/europe/championnatsetrangers/giggs-souhaiterait-quitter-manchester-united-53424ee23570d35ee3e8d2b5', 'D:UsersSimonDesktopProjet GitBDD\nss\nss_dh.xml', '2014-04-18'),
('Minaurman@gmail.com', 'http://www.dhnet.be/sports/football/vadis-s-enerve-sur-un-cameraman-534276273570aae038afd9cb', 'D:UsersSimonDesktopProjet GitBDD\nss\nss_dh.xml', '2014-04-11'),
('Mirgalsim@gmail.com', 'http://feedproxy.google.com/~r/KorbensBlog-UpgradeYourMind/~3/niH1w782DC4/jumpcut-multiple-copier-coller-osx.html', 'D:UsersSimonDesktopProjet GitBDD\nss\nss_korben.xml', '2014-04-21'),
('Mirgalsim@gmail.com', 'http://www.dhnet.be/actu/belgique/pairi-daiza-du-monde-pour-voir-les-pandas-53419a493570aae038af529d', 'D:UsersSimonDesktopProjet GitBDD\nss\nss_dh.xml', '2014-05-08'),
('Mirgalsim@gmail.com', 'http://www.dhnet.be/actu/economie/l-ancien-patron-de-bpost-rejoint-le-conseil-d-administration-de-delhaize-5342611d3570aae038afc4b2', 'D:UsersSimonDesktopProjet GitBDD\nss\nss_dh.xml', '2014-03-13'),
('Mirgalsim@gmail.com', 'http://www.dhnet.be/sports/football/mercato/mourinho-voudrait-voir-courtois-titulaire-a-chelsea-53426bfa3570aae038afd818', 'D:UsersSimonDesktopProjet GitBDD\nss\nss_dh.xml', '2014-02-24'),
('Mirgalsim@gmail.com', 'http://www.dhnet.be/sports/hockey/le-well-a-nouveau-au-sommet-534196af3570aae038af5282', 'D:UsersSimonDesktopProjet GitBDD\nss\nss_dh.xml', '2014-05-14'),
('Obbareor@gmail.com', 'http://www.dhnet.be/sports/tennis/wta-charleston-victoire-de-l-allemande-andrea-petkovic-5341b2e93570d35ee3e8535b', 'D:UsersSimonDesktopProjet GitBDD\nss\nss_dh.xml', '2014-05-17'),
('Quendbethque@gmail.com', 'http://www.dhnet.be/actu/belgique/le-cdh-est-sur-represente-dans-la-magistrature-53422ffb3570d35ee3e8ba22', 'D:UsersSimonDesktopProjet GitBDD\nss\nss_dh.xml', '2014-03-10'),
('Quendbethque@gmail.com', 'http://www.dhnet.be/actu/faits/trois-corps-repeches-dans-le-canal-a-ham-apres-un-accident-de-voiture-534274b53570d35ee3e8e80b', 'D:UsersSimonDesktopProjet GitBDD\nss\nss_dh.xml', '2014-04-11'),
('Quendbethque@gmail.com', 'http://www.dhnet.be/actu/faits/un-belge-de-23-ans-decede-dans-une-prison-equatorienne-53422bf23570d35ee3e8b9fb', 'D:UsersSimonDesktopProjet GitBDD\nss\nss_dh.xml', '2014-04-20'),
('Quendbethque@gmail.com', 'http://www.dhnet.be/actu/monde/rwanda-20-ans-apres-la-mort-des-10-paras-suivez-les-commemorations-en-direct-534191c43570d35ee3e83d7f', 'D:UsersSimonDesktopProjet GitBDD\nss\nss_dh.xml', '2014-05-09'),
('Quendbethque@gmail.com', 'http://www.dhnet.be/actu/monde/une-fete-a-tout-casser-en-californie-100-interpellations-44-blesses-534233bd3570aae038af9891', 'D:UsersSimonDesktopProjet GitBDD\nss\nss_dh.xml', '2014-03-17'),
('Quendbethque@gmail.com', 'http://www.dhnet.be/sports/tennis/barrages-pour-le-groupe-mondial-la-belgique-tete-de-serie-en-coupe-davis-53427b943570d35ee3e8e841', 'D:UsersSimonDesktopProjet GitBDD\nss\nss_dh.xml', '2014-03-31'),
('Quendbethque@gmail.com', 'http://www.lesoir.be/514187/article/actualite/fil-info/fil-info-monde/2014-04-06/ukraine-des-manifestants-pro-russes-envahissent-siege-l-administrati', 'D:UsersSimonDesktopProjet GitBDD\nss\nss_lesoirmonde.xml', '2014-03-18'),
('Ranfalmalre@gmail.com', 'http://www.dhnet.be/actu/belgique/pairi-daiza-du-monde-pour-voir-les-pandas-53419a493570aae038af529d', 'D:UsersSimonDesktopProjet GitBDD\nss\nss_dh.xml', '2014-05-03'),
('Ranfalmalre@gmail.com', 'http://www.dhnet.be/actu/economie/l-ancien-patron-de-bpost-rejoint-le-conseil-d-administration-de-delhaize-5342611d3570aae038afc4b2', 'D:UsersSimonDesktopProjet GitBDD\nss\nss_dh.xml', '2014-05-09'),
('Ranfalmalre@gmail.com', 'http://www.dhnet.be/sports/football/division1/anderlecht/anderlecht-fc-bruges-l-analyse-de-notre-specialiste-et-les-notes-des-mauves-5341b1613570aae038af6800', 'D:UsersSimonDesktopProjet GitBDD\nss\nss_dh.xml', '2014-05-11'),
('Ranfalmalre@gmail.com', 'http://www.dhnet.be/sports/hockey/le-well-a-nouveau-au-sommet-534196af3570aae038af5282', 'D:UsersSimonDesktopProjet GitBDD\nss\nss_dh.xml', '2014-04-30'),
('Rocbilper@gmail.com', 'http://www.dhnet.be/conso/pourelle/l-arme-secrete-de-la-confiance-en-soi-534260cb3570d35ee3e8d36c', 'D:UsersSimonDesktopProjet GitBDD\nss\nss_dh.xml', '2014-05-17'),
('Rocbilper@gmail.com', 'http://www.dhnet.be/sports/football/vadis-s-enerve-sur-un-cameraman-534276273570aae038afd9cb', 'D:UsersSimonDesktopProjet GitBDD\nss\nss_dh.xml', '2014-05-16'),
('Rocbilper@gmail.com', 'http://www.lesoir.be/513709/article/actualite/fil-info/fil-info-monde/2014-04-05/turquie-blocage-youtube-reste-en-place', 'D:UsersSimonDesktopProjet GitBDD\nss\nss_lesoirmonde.xml', '2014-05-14'),
('Rocbilper@gmail.com', 'http://www.lesoir.be/514362/article/actualite/monde/2014-04-06/parti-viktor-orban-en-tete-des-elections-en-hongrie', 'D:UsersSimonDesktopProjet GitBDD\nss\nss_lesoirmonde.xml', '2014-05-14'),
('Rocbilper@gmail.com', 'http://www.lesoir.be/514421/article/actualite/monde/2014-04-07/boeing-disparu-nouveaux-signaux-detectes-dans-l-ocean-indien', 'D:UsersSimonDesktopProjet GitBDD\nss\nss_lesoirmonde.xml', '2014-05-15'),
('Sarunbeor@gmail.com', 'http://feedproxy.google.com/~r/KorbensBlog-UpgradeYourMind/~3/1Zk87Po1e_U/glorious-leader.html', 'D:UsersSimonDesktopProjet GitBDD\nss\nss_korben.xml', '2014-05-16'),
('Sarunbeor@gmail.com', 'http://www.dhnet.be/actu/monde/une-fete-a-tout-casser-en-californie-100-interpellations-44-blesses-534233bd3570aae038af9891', 'D:UsersSimonDesktopProjet GitBDD\nss\nss_dh.xml', '2014-05-14'),
('Sarunbeor@gmail.com', 'http://www.dhnet.be/medias/cinema/deces-de-l-acteur-americain-mickey-rooney-5342311f3570aae038af9884', 'D:UsersSimonDesktopProjet GitBDD\nss\nss_dh.xml', '2014-05-15'),
('Sarunbeor@gmail.com', 'http://www.dhnet.be/people-buzz/familles-royales/albert-n-aurait-pas-rendu-visite-a-laurent-534259803570aae038afc410', 'D:UsersSimonDesktopProjet GitBDD\nss\nss_dh.xml', '2014-05-14'),
('Simheling@gmail.com', 'http://feedproxy.google.com/~r/KorbensBlog-UpgradeYourMind/~3/1Zk87Po1e_U/glorious-leader.html', 'D:UsersSimonDesktopProjet GitBDD\nss\nss_korben.xml', '2014-05-01'),
('Simheling@gmail.com', 'http://rss.feedsportal.com/c/808/f/413796/s/3a727a9a/sc/27/l/0L0Sjeuxvideo0N0Cnews0C20A140C0A0A0A720A990Ephilips0Eattaque0Enintendo0Een0Ejustice0Bhtm/story01.htm', 'D:UsersSimonDesktopProjet GitBDD\nss\nss_jvc.xml', '2014-05-15'),
('Simheling@gmail.com', 'http://rss.feedsportal.com/c/808/f/413796/s/3a7554b5/sc/23/l/0L0Sjeuxvideo0N0Carticles0C0A0A0A10C0A0A0A196120Ethe0Ewalking0Edead0Esaison0E20Eepisode0E30Ein0Eharm0Es0Eway0Etest0Bhtm/story01.htm', 'D:UsersSimonDesktopProjet GitBDD\nss\nss_jvc.xml', '2014-05-08'),
('Simheling@gmail.com', 'http://www.dhnet.be/actu/faits/un-belge-de-23-ans-decede-dans-une-prison-equatorienne-53422bf23570d35ee3e8b9fb', 'D:UsersSimonDesktopProjet GitBDD\nss\nss_dh.xml', '2014-05-15'),
('Simheling@gmail.com', 'http://www.dhnet.be/sports/football/division1/olivier-deschacht-gagnons-en-deplacement-apres-on-parlera-du-titre-5341c24e3570d35ee3e86814', 'D:UsersSimonDesktopProjet GitBDD\nss\nss_dh.xml', '2014-04-06'),
('Simheling@gmail.com', 'http://www.frandroid.com/0-android/operateurs/217109_free-mobile-maintient-croissance-atteint-86-millions-clients', 'D:UsersSimonDesktopProjet GitBDD\nss\nss_jdg.xml', '2014-05-14'),
('Terindil@gmail.com', 'http://web2.ulb.ac.be/actulb/index.php?article=5957', 'D:UsersSimonDesktopProjet GitBDD\nss\nss_ulb.xml', '2014-04-02'),
('Terindil@gmail.com', 'http://www.dhnet.be/medias/cinema/deces-de-l-acteur-americain-mickey-rooney-5342311f3570aae038af9884', 'D:UsersSimonDesktopProjet GitBDD\nss\nss_dh.xml', '2014-05-04'),
('Terindil@gmail.com', 'http://www.dhnet.be/sports/tennis/wta-facile-victoire-d-ana-ivanovic-a-monterrey-53423c243570d35ee3e8ba7d', 'D:UsersSimonDesktopProjet GitBDD\nss\nss_dh.xml', '2014-05-07'),
('Terindil@gmail.com', 'http://www.lesoir.be/514029/article/actualite/monde/2014-04-06/boeing-disparu-un-deuxieme-signal-boite-noire-detecte', 'D:UsersSimonDesktopProjet GitBDD\nss\nss_lesoirmonde.xml', '2014-04-25'),
('Terindil@gmail.com', 'http://www.lesoir.be/514194/article/actualite/monde/2014-04-06/kicukiro-se-souvient-l-abandon-des-casques-bleus-belges', 'D:UsersSimonDesktopProjet GitBDD\nss\nss_lesoirmonde.xml', '2014-04-20'),
('Terindil@gmail.com', 'http://www.lesoir.be/514421/article/actualite/monde/2014-04-07/boeing-disparu-nouveaux-signaux-detectes-dans-l-ocean-indien', 'D:UsersSimonDesktopProjet GitBDD\nss\nss_lesoirmonde.xml', '2014-05-02'),
('Terindil@gmail.com', 'http://www.tomshardware.fr/articles/adata-sp920-ssd-marvell,1-47307.html#xtor=RSS-100', 'D:UsersSimonDesktopProjet GitBDD\nss\nss_tomshardware.xml', '2014-04-25'),
('Terindil@gmail.com', 'http://www.tomshardware.fr/articles/intel-braswell-cherry-trail-atom,1-47317.html#xtor=RSS-100', 'D:UsersSimonDesktopProjet GitBDD\nss\nss_tomshardware.xml', '2014-03-30'),
('Theodhal@gmail.com', 'http://www.dhnet.be/actu/monde/une-fete-a-tout-casser-en-californie-100-interpellations-44-blesses-534233bd3570aae038af9891', 'D:UsersSimonDesktopProjet GitBDD\nss\nss_dh.xml', '2014-04-28'),
('Theodhal@gmail.com', 'http://www.dhnet.be/sports/football/division1/anderlecht/anderlecht-fc-bruges-l-analyse-de-notre-specialiste-et-les-notes-des-mauves-5341b1613570aae038af6800', 'D:UsersSimonDesktopProjet GitBDD\nss\nss_dh.xml', '2014-04-21'),
('Theodhal@gmail.com', 'http://www.dhnet.be/sports/hockey/le-well-a-nouveau-au-sommet-534196af3570aae038af5282', 'D:UsersSimonDesktopProjet GitBDD\nss\nss_dh.xml', '2014-03-17'),
('Theodhal@gmail.com', 'http://www.lalibre.be/culture/politique/la-flandre-cogite-sur-l-avenir-des-musees-534241fa3570aae038afae34', 'D:UsersSimonDesktopProjet GitBDD\nss\nss_lalibre.xml', '2014-05-02'),
('Vanam@gmail.com', 'http://feedproxy.google.com/~r/KorbensBlog-UpgradeYourMind/~3/HyJxvVU9Jpw/firefox-29-classic-theme-restorer.html', 'D:UsersSimonDesktopProjet GitBDD\nss\nss_korben.xml', '2014-05-08'),
('Vanam@gmail.com', 'http://rss.feedsportal.com/c/808/f/413796/s/3a715e99/sc/27/l/0L0Sjeuxvideo0N0Carticles0C0A0A0A10C0A0A0A1960A90Emario0Ekart0E80Etest0Bhtm/story01.htm', 'D:UsersSimonDesktopProjet GitBDD\nss\nss_jvc.xml', '2014-05-15'),
('Vanam@gmail.com', 'http://rss.feedsportal.com/c/808/f/413796/s/3a7554c0/sc/23/l/0L0Sjeuxvideo0N0Carticles0C0A0A0A10C0A0A0A196140Ethe0Ewalking0Edead0Esaison0E20Eepisode0E30Ein0Eharm0Es0Eway0Etest0Bhtm/story01.htm', 'D:UsersSimonDesktopProjet GitBDD\nss\nss_jvc.xml', '2014-05-15'),
('Vanam@gmail.com', 'http://rss.feedsportal.com/c/808/f/413796/s/3a76b726/sc/27/l/0L0Sjeuxvideo0N0Cnews0C20A140C0A0A0A7210A80Epas0Ede0Epanique0Ewitcher0E30Ene0Esera0Epas0Erepousse0Ea0Enouveau0Bhtm/story01.htm', 'D:UsersSimonDesktopProjet GitBDD\nss\nss_jvc.xml', '2014-05-15'),
('Vanam@gmail.com', 'http://rss.feedsportal.com/c/808/f/413796/s/3a7918bd/sc/23/l/0L0Sjeuxvideo0N0Cnews0C20A140C0A0A0A721160Enintendo0Eles0Etelechargements0Ede0Ela0Esemaine0Bhtm/story01.htm', 'D:UsersSimonDesktopProjet GitBDD\nss\nss_jvc.xml', '2014-05-16'),
('Vanam@gmail.com', 'http://rss.feedsportal.com/c/808/f/413796/s/3a7df86e/sc/23/l/0L0Sjeuxvideo0N0Cnews0C20A140C0A0A0A72130A0Ehalo0E50Eguardians0Epour0Eautomne0E20A150Bhtm/story01.htm', 'D:UsersSimonDesktopProjet GitBDD\nss\nss_jvc.xml', '2014-05-17'),
('Vanam@gmail.com', 'http://www.dhnet.be/actu/faits/france-un-adolescent-inculpe-pour-le-meurtre-d-une-fillette-5341c5683570aae038af7cd4', 'D:UsersSimonDesktopProjet GitBDD\nss\nss_dh.xml', '2014-05-07'),
('Vanam@gmail.com', 'http://www.dhnet.be/sports/football/diablesrouges/casteels-prive-de-mondial-534196653570aae038af526e', 'D:UsersSimonDesktopProjet GitBDD\nss\nss_dh.xml', '2014-04-28'),
('Vanam@gmail.com', 'http://www.dhnet.be/sports/football/mercato/mourinho-voudrait-voir-courtois-titulaire-a-chelsea-53426bfa3570aae038afd818', 'D:UsersSimonDesktopProjet GitBDD\nss\nss_dh.xml', '2014-05-13'),
('Vanam@gmail.com', 'http://www.frandroid.com/applications/jeux-android-applications/216854_flappy-bird-reviendra-en-aout-en-multijoueur', 'D:UsersSimonDesktopProjet GitBDD\nss\nss_jdg.xml', '2014-04-30'),
('Vanam@gmail.com', 'http://www.lesoir.be/514503/article/actualite/monde/2014-04-07/ukraine-des-pro-russes-proclament-une-republique-independante-donetsk', 'D:UsersSimonDesktopProjet GitBDD\nss\nss_lesoirmonde.xml', '2014-05-17'),
('Vienellim@gmail.com', 'http://www.dhnet.be/actu/monde/pistorius-en-pleurs-s-excuse-pour-le-meurtre-de-sa-petite-amie-534231db3570aae038af9887', 'D:UsersSimonDesktopProjet GitBDD\nss\nss_dh.xml', '2014-04-30'),
('Vienellim@gmail.com', 'http://www.lalibre.be/actu/international/rwanda-juppe-diable-dans-un-benitier-534192973570d35ee3e83d86', 'D:UsersSimonDesktopProjet GitBDD\nss\nss_lalibre.xml', '2014-05-12'),
('Vienellim@gmail.com', 'http://www.lesoir.be/513348/article/actualite/monde/2014-04-04/orban-promis-un-nouveau-sacre', 'D:UsersSimonDesktopProjet GitBDD\nss\nss_lesoirmonde.xml', '2014-05-04'),
('Vienling@gmail.com', 'http://www.dhnet.be/actu/monde/rwanda-20-ans-apres-la-mort-des-10-paras-suivez-les-commemorations-en-direct-534191c43570d35ee3e83d7f', 'D:UsersSimonDesktopProjet GitBDD\nss\nss_dh.xml', '2014-04-10'),
('Vienling@gmail.com', 'http://www.dhnet.be/actu/monde/une-fete-a-tout-casser-en-californie-100-interpellations-44-blesses-534233bd3570aae038af9891', 'D:UsersSimonDesktopProjet GitBDD\nss\nss_dh.xml', '2014-05-09'),
('Vienling@gmail.com', 'http://www.dhnet.be/medias/cinema/deces-de-l-acteur-americain-mickey-rooney-5342311f3570aae038af9884', 'D:UsersSimonDesktopProjet GitBDD\nss\nss_dh.xml', '2014-04-10'),
('Vienling@gmail.com', 'http://www.dhnet.be/people-buzz/sports/une-sportive-heurtee-a-la-tete-par-un-drone-534266c73570aae038afd7ed', 'D:UsersSimonDesktopProjet GitBDD\nss\nss_dh.xml', '2014-05-17'),
('Vienling@gmail.com', 'http://www.dhnet.be/sports/football/vadis-s-enerve-sur-un-cameraman-534276273570aae038afd9cb', 'D:UsersSimonDesktopProjet GitBDD\nss\nss_dh.xml', '2014-04-30'),
('Vienling@gmail.com', 'http://www.dhnet.be/sports/tennis/atp-houston-ruben-bemelmans-a-une-victoire-du-tableau-final-534252983570d35ee3e8d2e8', 'D:UsersSimonDesktopProjet GitBDD\nss\nss_dh.xml', '2014-05-04'),
('Vienling@gmail.com', 'http://www.dhnet.be/sports/tennis/barrages-pour-le-groupe-mondial-la-belgique-tete-de-serie-en-coupe-davis-53427b943570d35ee3e8e841', 'D:UsersSimonDesktopProjet GitBDD\nss\nss_dh.xml', '2014-04-12');

-- --------------------------------------------------------

--
-- Structure de la table `sharedpublication`
--

CREATE TABLE IF NOT EXISTS `sharedpublication` (
  `user_email` varchar(200) COLLATE utf8_bin NOT NULL,
  `publication_url` varchar(200) COLLATE utf8_bin NOT NULL,
  `sharedDate` date NOT NULL,
  `text` text COLLATE utf8_bin,
  PRIMARY KEY (`user_email`,`publication_url`)
) ENGINE=InnoDB DEFAULT CHARSET=utf8 COLLATE=utf8_bin;

--
-- Contenu de la table `sharedpublication`
--

INSERT INTO `sharedpublication` (`user_email`, `publication_url`, `sharedDate`, `text`) VALUES
('Aneth@gmail.com', 'http://www.dhnet.be/conso/pourelle/l-arme-secrete-de-la-confiance-en-soi-534260cb3570d35ee3e8d36c', '2014-05-15', 'lol'),
('Aneth@gmail.com', 'http://www.dhnet.be/sports/football/division1/teklak-luzon-n-a-pas-trouve-de-reponse-tactique-5341bab03570aae038af6839', '2014-05-15', 'check ça'),
('Anyavriel@gmail.com', 'http://web2.ulb.ac.be/actulb/index.php?article=5829', '2014-04-24', 'mdr'),
('Anyavriel@gmail.com', 'http://www.tomshardware.fr/articles/dell-durci,1-47296.html#xtor=RSS-100', '2014-05-11', 'mdr'),
('Borlur@gmail.com', 'http://feedproxy.google.com/~r/KorbensBlog-UpgradeYourMind/~3/1Zk87Po1e_U/glorious-leader.html', '2014-05-12', ''),
('Borlur@gmail.com', 'http://feedproxy.google.com/~r/KorbensBlog-UpgradeYourMind/~3/5o7unSwgK04/the-flash-revient-nouvelle-serie.html', '2014-05-11', 'pas mal'),
('Borlur@gmail.com', 'http://feedproxy.google.com/~r/KorbensBlog-UpgradeYourMind/~3/niH1w782DC4/jumpcut-multiple-copier-coller-osx.html', '2014-05-16', 'ptdr'),
('Borlur@gmail.com', 'http://rss.feedsportal.com/c/808/f/413796/s/3a76278b/sc/37/l/0L0Sjeuxvideo0N0Cnews0C20A140C0A0A0A7210A60Ecounter0Estrike0Een0Etotale0Evr0Eca0Edonne0Equoi0Bhtm/story01.htm', '2014-05-16', 'check ça'),
('Borlur@gmail.com', 'http://rss.feedsportal.com/c/808/f/413796/s/3a7df86e/sc/23/l/0L0Sjeuxvideo0N0Cnews0C20A140C0A0A0A72130A0Ehalo0E50Eguardians0Epour0Eautomne0E20A150Bhtm/story01.htm', '2014-04-23', 'lol'),
('Borlur@gmail.com', 'http://www.dhnet.be/people-buzz/familles-royales/albert-n-aurait-pas-rendu-visite-a-laurent-534259803570aae038afc410', '2014-05-02', 'check ça'),
('Borlur@gmail.com', 'http://www.frandroid.com/marques/samsung/216857_galaxy-gear-samsung-va-passer-dandroid-tizen-via-mise-jour', '2014-05-16', 'ptdr'),
('Borlur@gmail.com', 'http://www.lesoir.be/514421/article/actualite/monde/2014-04-07/boeing-disparu-nouveaux-signaux-detectes-dans-l-ocean-indien', '2014-05-15', 'mdr'),
('Cirdothaur@gmail.com', 'http://feedproxy.google.com/~r/KorbensBlog-UpgradeYourMind/~3/lLz0vwKoJeA/babun-enfin-vrai-terminal-windows.html', '2014-04-06', 'pas mal'),
('Cirdothaur@gmail.com', 'http://www.frandroid.com/marques/motorola/216656_prise-en-main-du-motorola-moto-e', '2014-05-14', ''),
('Cirdothaur@gmail.com', 'http://www.tomshardware.fr/articles/dual-boot-ios6-ios7,1-47280.html#xtor=RSS-100', '2014-02-25', 'pas mal'),
('Darrogsenae@gmail.com', 'http://feedproxy.google.com/~r/KorbensBlog-UpgradeYourMind/~3/165KQQLrQFw/monument-valley-test.html', '2014-05-17', 'ptdr'),
('Darrogsenae@gmail.com', 'http://feedproxy.google.com/~r/KorbensBlog-UpgradeYourMind/~3/SziJMRKqsVc/android-popcorn-time.html', '2014-05-16', 'ptdr'),
('Darrogsenae@gmail.com', 'http://www.lalibre.be/culture/medias-tele/pour-une-fois-que-ce-n-est-pas-le-front-national-qui-parle-ici-53425eb93570d35ee3e8d365', '2014-05-16', ''),
('Dorlieneor@gmail.com', 'http://rss.feedsportal.com/c/808/f/413796/s/3a76278b/sc/37/l/0L0Sjeuxvideo0N0Cnews0C20A140C0A0A0A7210A60Ecounter0Estrike0Een0Etotale0Evr0Eca0Edonne0Equoi0Bhtm/story01.htm', '2014-03-02', 'ptdr'),
('Dorlieneor@gmail.com', 'http://www.dhnet.be/sports/tennis/atp-houston-ruben-bemelmans-a-une-victoire-du-tableau-final-534252983570d35ee3e8d2e8', '2014-05-07', 'pas mal'),
('Folrin@gmail.com', 'http://www.dhnet.be/sports/football/division1/olivier-deschacht-gagnons-en-deplacement-apres-on-parlera-du-titre-5341c24e3570d35ee3e86814', '2014-03-24', 'ptdr'),
('Folrin@gmail.com', 'http://www.dhnet.be/sports/football/mercato/mourinho-voudrait-voir-courtois-titulaire-a-chelsea-53426bfa3570aae038afd818', '2014-04-20', 'pas mal'),
('Gasithfar@gmail.com', 'http://www.dhnet.be/people-buzz/sports/une-sportive-heurtee-a-la-tete-par-un-drone-534266c73570aae038afd7ed', '2014-03-22', 'ptdr'),
('Gasithfar@gmail.com', 'http://www.dhnet.be/sports/football/diablesrouges/casteels-forfait-qui-sera-notre-3e-gardien-au-bresil-53424f7a3570d35ee3e8d2bb', '2014-04-26', ''),
('Gasithfar@gmail.com', 'http://www.dhnet.be/sports/tennis/wta-charleston-victoire-de-l-allemande-andrea-petkovic-5341a2f53570d35ee3e852ab', '2014-04-19', 'pas mal'),
('Gasithfar@gmail.com', 'http://www.frandroid.com/0-android/operateurs/217104_orange-achetait-bouygues-telecom', '2014-04-16', 'ptdr'),
('Gonmith@gmail.com', 'http://www.dhnet.be/sports/football/division2/eupen/l-alliance-renoue-avec-le-succes-4-0-5341a0613570d35ee3e85274', '2014-03-28', 'check ça'),
('Gothdor@gmail.com', 'http://www.dhnet.be/actu/sante/cancer-du-cerveau-chez-l-enfant-de-nouvelles-pistes-therapeutiques-5341a9933570d35ee3e85317', '2014-05-17', 'check ça'),
('Gothdor@gmail.com', 'http://www.dhnet.be/sports/football/diablesrouges/vanden-borre-a-gagne-son-duel-a-distance-5341afd83570d35ee3e85347', '2014-05-16', ''),
('Gothdor@gmail.com', 'http://www.lalibre.be/culture/cinema/dix-raisons-de-se-souvenir-de-mickey-rooney-534280003570aae038afda0a', '2014-05-01', 'ptdr'),
('Gothdor@gmail.com', 'http://www.tomshardware.fr/articles/newton-mips-oit,1-47285.html#xtor=RSS-100', '2014-05-18', 'intérréssant'),
('Gothdor@gmail.com', 'http://www.tomshardware.fr/articles/thermolab-itx30-asus-hero,1-47288.html#xtor=RSS-100', '2014-05-07', 'ptdr'),
('Halmorre@gmail.com', 'http://www.dhnet.be/sports/football/diablesrouges/proto-tant-mieux-pour-moi-si-wilmots-m-appelle-5341d0273570d35ee3e86835', '2014-05-17', 'mdr'),
('Honranre@gmail.com', 'http://www.frandroid.com/tablette/216879_xiaomi-devoile-tablette-mi-pad-tegra-k1-batterie-6700-mah', '2014-05-16', 'check ça'),
('Honranre@gmail.com', 'http://www.tomshardware.fr/articles/finfet-turbo-tsmc,1-47269.html#xtor=RSS-100', '2014-05-17', 'mdr'),
('Honranre@gmail.com', 'http://www.tomshardware.fr/articles/newton-mips-oit,1-47285.html#xtor=RSS-100', '2014-05-14', 'mdr'),
('Iathbel@gmail.com', 'http://rss.feedsportal.com/c/808/f/413796/s/3a7df86e/sc/23/l/0L0Sjeuxvideo0N0Cnews0C20A140C0A0A0A72130A0Ehalo0E50Eguardians0Epour0Eautomne0E20A150Bhtm/story01.htm', '2014-04-13', 'mdr'),
('Iathbel@gmail.com', 'http://www.dhnet.be/sports/tennis/wta-facile-victoire-d-ana-ivanovic-a-monterrey-53423c243570d35ee3e8ba7d', '2014-03-15', 'mdr'),
('Iathrilkim@gmail.com', 'http://rss.feedsportal.com/c/808/f/413796/s/3a7554a3/sc/23/l/0L0Sjeuxvideo0N0Carticles0C0A0A0A10C0A0A0A196110Ethe0Ewalking0Edead0Esaison0E20Eepisode0E30Ein0Eharm0Es0Eway0Etest0Bhtm/story01.htm', '2014-04-29', ''),
('Iathrilkim@gmail.com', 'http://rss.feedsportal.com/c/808/f/413796/s/3a7845d7/sc/27/l/0L0Sjeuxvideo0N0Cnews0C20A140C0A0A0A721140Eultra0Estreet0Efighter0E40Edates0Eet0Eprix0Bhtm/story01.htm', '2014-05-09', 'ptdr'),
('Iathrilkim@gmail.com', 'http://www.dhnet.be/conso/consommation/pieces-de-1-et-2-cents-supprimees-les-supermarches-n-arrondiront-pas-les-tickets-de-caisse-534275d53570aae038afd9ca', '2014-05-05', 'ptdr'),
('Ionhimbil@gmail.com', 'http://www.dhnet.be/actu/monde/il-traverse-la-seine-sur-un-fil-a-25-metres-de-hauteur-5341a1f23570aae038af52ed', '2014-05-15', 'lol'),
('Ionhimbil@gmail.com', 'http://www.dhnet.be/sports/football/division2/eupen/l-alliance-renoue-avec-le-succes-4-0-5341a0613570d35ee3e85274', '2014-05-11', 'mdr'),
('Kimvielsyl@gmail.com', 'http://www.dhnet.be/actu/monde/vol-mh370-l-australie-annonce-la-detection-de-nouveaux-signaux-53422ee93570aae038af9870', '2014-04-22', 'lol'),
('Mantoldain@gmail.com', 'http://www.dhnet.be/actu/monde/elections-hongroises-viktor-orban-en-tete-devant-la-gauche-53419e023570aae038af52bd', '2014-04-03', 'ptdr'),
('Minaurman@gmail.com', 'http://www.dhnet.be/sports/football/vadis-s-enerve-sur-un-cameraman-534276273570aae038afd9cb', '2014-04-11', 'mdr'),
('Obbareor@gmail.com', 'http://www.dhnet.be/sports/tennis/wta-charleston-victoire-de-l-allemande-andrea-petkovic-5341b2e93570d35ee3e8535b', '2014-05-17', 'pas mal'),
('Quendbethque@gmail.com', 'http://www.dhnet.be/actu/faits/trois-corps-repeches-dans-le-canal-a-ham-apres-un-accident-de-voiture-534274b53570d35ee3e8e80b', '2014-04-11', 'mdr'),
('Quendbethque@gmail.com', 'http://www.dhnet.be/actu/faits/un-belge-de-23-ans-decede-dans-une-prison-equatorienne-53422bf23570d35ee3e8b9fb', '2014-04-20', 'ptdr'),
('Ranfalmalre@gmail.com', 'http://www.dhnet.be/sports/hockey/le-well-a-nouveau-au-sommet-534196af3570aae038af5282', '2014-04-30', ''),
('Sarunbeor@gmail.com', 'http://feedproxy.google.com/~r/KorbensBlog-UpgradeYourMind/~3/1Zk87Po1e_U/glorious-leader.html', '2014-05-16', 'check ça'),
('Simheling@gmail.com', 'http://rss.feedsportal.com/c/808/f/413796/s/3a727a9a/sc/27/l/0L0Sjeuxvideo0N0Cnews0C20A140C0A0A0A720A990Ephilips0Eattaque0Enintendo0Een0Ejustice0Bhtm/story01.htm', '2014-05-15', 'lol'),
('Simheling@gmail.com', 'http://www.frandroid.com/0-android/operateurs/217109_free-mobile-maintient-croissance-atteint-86-millions-clients', '2014-05-14', 'mdr'),
('Terindil@gmail.com', 'http://www.lesoir.be/514194/article/actualite/monde/2014-04-06/kicukiro-se-souvient-l-abandon-des-casques-bleus-belges', '2014-04-20', 'mdr'),
('Theodhal@gmail.com', 'http://www.lalibre.be/culture/politique/la-flandre-cogite-sur-l-avenir-des-musees-534241fa3570aae038afae34', '2014-05-02', ''),
('Vanam@gmail.com', 'http://feedproxy.google.com/~r/KorbensBlog-UpgradeYourMind/~3/HyJxvVU9Jpw/firefox-29-classic-theme-restorer.html', '2014-05-08', ''),
('Vanam@gmail.com', 'http://rss.feedsportal.com/c/808/f/413796/s/3a7918bd/sc/23/l/0L0Sjeuxvideo0N0Cnews0C20A140C0A0A0A721160Enintendo0Eles0Etelechargements0Ede0Ela0Esemaine0Bhtm/story01.htm', '2014-05-16', 'ptdr'),
('Vanam@gmail.com', 'http://rss.feedsportal.com/c/808/f/413796/s/3a7df86e/sc/23/l/0L0Sjeuxvideo0N0Cnews0C20A140C0A0A0A72130A0Ehalo0E50Eguardians0Epour0Eautomne0E20A150Bhtm/story01.htm', '2014-05-17', ''),
('Vanam@gmail.com', 'http://www.dhnet.be/actu/faits/france-un-adolescent-inculpe-pour-le-meurtre-d-une-fillette-5341c5683570aae038af7cd4', '2014-05-07', ''),
('Vanam@gmail.com', 'http://www.frandroid.com/applications/jeux-android-applications/216854_flappy-bird-reviendra-en-aout-en-multijoueur', '2014-04-30', 'lol'),
('Vienellim@gmail.com', 'http://www.lalibre.be/actu/international/rwanda-juppe-diable-dans-un-benitier-534192973570d35ee3e83d86', '2014-05-12', 'mdr'),
('Vienellim@gmail.com', 'http://www.lesoir.be/513348/article/actualite/monde/2014-04-04/orban-promis-un-nouveau-sacre', '2014-05-04', ''),
('Vienling@gmail.com', 'http://www.dhnet.be/medias/cinema/deces-de-l-acteur-americain-mickey-rooney-5342311f3570aae038af9884', '2014-04-10', 'pas mal'),
('Vienling@gmail.com', 'http://www.dhnet.be/sports/tennis/barrages-pour-le-groupe-mondial-la-belgique-tete-de-serie-en-coupe-davis-53427b943570d35ee3e8e841', '2014-04-12', '');

-- --------------------------------------------------------

--
-- Structure de la table `user`
--

CREATE TABLE IF NOT EXISTS `user` (
  `email` varchar(200) COLLATE utf8_bin NOT NULL,
  `nickname` varchar(100) COLLATE utf8_bin NOT NULL,
  `password` varchar(100) COLLATE utf8_bin NOT NULL,
  `country` varchar(100) COLLATE utf8_bin NOT NULL,
  `city` varchar(100) COLLATE utf8_bin NOT NULL,
  `avatar` varchar(1000) COLLATE utf8_bin NOT NULL,
  `biography` text COLLATE utf8_bin,
  `joinedDate` date NOT NULL,
  PRIMARY KEY (`email`)
) ENGINE=InnoDB DEFAULT CHARSET=utf8 COLLATE=utf8_bin;

--
-- Contenu de la table `user`
--

INSERT INTO `user` (`email`, `nickname`, `password`, `country`, `city`, `avatar`, `biography`, `joinedDate`) VALUES
('Alfil@gmail.com', 'Alfil71', '*F2E84D3EB14990103E27F92513BB854ECAA8C727', 'india', 'Herdersem', 'file:////D://Users//Simon//Desktop//Projet Git//BDD//src//javafx//icons//rss_icon.png', '', '2014-02-06'),
('Aneth@gmail.com', 'Aneth22', '*F2E84D3EB14990103E27F92513BB854ECAA8C727', 'uganda', 'Drogenbos', 'file:////D://Users//Simon//Desktop//Projet Git//BDD//src//javafx//icons//rss_icon.png', '', '2014-03-31'),
('Anyavriel@gmail.com', 'Anyavriel3', '*F2E84D3EB14990103E27F92513BB854ECAA8C727', 'india', 'Toutefaais', 'file:////D://Users//Simon//Desktop//Projet Git//BDD//src//javafx//icons//rss_icon.png', '', '2014-04-05'),
('Aurgonien@gmail.com', 'Aurgonien2', '*F2E84D3EB14990103E27F92513BB854ECAA8C727', 'ghana', 'Ressegem', 'file:////D://Users//Simon//Desktop//Projet Git//BDD//src//javafx//icons//rss_icon.png', '', '2014-01-09'),
('Beliath@gmail.com', 'Beliath98', '*F2E84D3EB14990103E27F92513BB854ECAA8C727', 'turkey', 'Neerhavert', 'file:////D://Users//Simon//Desktop//Projet Git//BDD//src//javafx//icons//rss_icon.png', '', '2014-05-02'),
('Borlur@gmail.com', 'Borlur69', '*F2E84D3EB14990103E27F92513BB854ECAA8C727', 'malaysia', 'Ruitegem', 'file:////D://Users//Simon//Desktop//Projet Git//BDD//src//javafx//icons//rss_icon.png', '', '2014-04-17'),
('Cirdothaur@gmail.com', 'Cirdothaur6', '*F2E84D3EB14990103E27F92513BB854ECAA8C727', 'madagascar', 'Doorn', 'file:////D://Users//Simon//Desktop//Projet Git//BDD//src//javafx//icons//rss_icon.png', '', '2014-01-16'),
('Darrogsenae@gmail.com', 'Darrogsenae59', '*F2E84D3EB14990103E27F92513BB854ECAA8C727', 'madagascar', 'Venetie', 'file:////D://Users//Simon//Desktop//Projet Git//BDD//src//javafx//icons//rss_icon.png', '', '2014-05-15'),
('Dilegdor@gmail.com', 'Dilegdor9', '*F2E84D3EB14990103E27F92513BB854ECAA8C727', 'turkey', 'Trihay', 'file:////D://Users//Simon//Desktop//Projet Git//BDD//src//javafx//icons//rss_icon.png', '', '2014-04-13'),
('Dorlieneor@gmail.com', 'Dorlieneor69', '*F2E84D3EB14990103E27F92513BB854ECAA8C727', 'france', 'Daalwezeth', 'file:////D://Users//Simon//Desktop//Projet Git//BDD//src//javafx//icons//rss_icon.png', '', '2014-01-20'),
('Elladque@gmail.com', 'Elladque26', '*F2E84D3EB14990103E27F92513BB854ECAA8C727', 'tanzania', 'Hammeveer', 'file:////D://Users//Simon//Desktop//Projet Git//BDD//src//javafx//icons//rss_icon.png', '', '2014-04-04'),
('Elshebdothque@gmail.com', 'Elshebdothque53', '*F2E84D3EB14990103E27F92513BB854ECAA8C727', 'guatemala', 'Molinvau', 'file:////D://Users//Simon//Desktop//Projet Git//BDD//src//javafx//icons//rss_icon.png', '', '2014-01-08'),
('Ethmecheld@gmail.com', 'Ethmecheld57', '*F2E84D3EB14990103E27F92513BB854ECAA8C727', 'indonesia', 'Lotria', 'file:////D://Users//Simon//Desktop//Projet Git//BDD//src//javafx//icons//rss_icon.png', '', '2014-02-23'),
('Folrin@gmail.com', 'Folrin70', '*F2E84D3EB14990103E27F92513BB854ECAA8C727', 'uganda', 'Zandloper', 'file:////D://Users//Simon//Desktop//Projet Git//BDD//src//javafx//icons//rss_icon.png', '', '2014-01-24'),
('Gasithfar@gmail.com', 'Gasithfar55', '*F2E84D3EB14990103E27F92513BB854ECAA8C727', 'uganda', 'Tolhoek', 'file:////D://Users//Simon//Desktop//Projet Git//BDD//src//javafx//icons//rss_icon.png', '', '2014-02-24'),
('Gonmith@gmail.com', 'Gonmith87', '*F2E84D3EB14990103E27F92513BB854ECAA8C727', 'germany', 'Everbecq', 'file:////D://Users//Simon//Desktop//Projet Git//BDD//src//javafx//icons//rss_icon.png', '', '2014-03-12'),
('Gothdor@gmail.com', 'Gothdor55', '*F2E84D3EB14990103E27F92513BB854ECAA8C727', 'panama', 'Nokere', 'file:////D://Users//Simon//Desktop//Projet Git//BDD//src//javafx//icons//rss_icon.png', '', '2014-04-11'),
('Halmorre@gmail.com', 'Halmorre29', '*F2E84D3EB14990103E27F92513BB854ECAA8C727', 'uganda', 'Juseret', 'file:////D://Users//Simon//Desktop//Projet Git//BDD//src//javafx//icons//rss_icon.png', '', '2014-05-07'),
('Helmarhar@gmail.com', 'Helmarhar43', '*F2E84D3EB14990103E27F92513BB854ECAA8C727', 'turkey', 'Loochristy', 'file:////D://Users//Simon//Desktop//Projet Git//BDD//src//javafx//icons//rss_icon.png', '', '2014-04-03'),
('Honranre@gmail.com', 'Honranre29', '*F2E84D3EB14990103E27F92513BB854ECAA8C727', 'greece', 'Otaimont', 'file:////D://Users//Simon//Desktop//Projet Git//BDD//src//javafx//icons//rss_icon.png', '', '2014-03-31'),
('Hunfirlim@gmail.com', 'Hunfirlim72', '*F2E84D3EB14990103E27F92513BB854ECAA8C727', 'france', 'Liroux', 'file:////D://Users//Simon//Desktop//Projet Git//BDD//src//javafx//icons//rss_icon.png', '', '2014-04-23'),
('Iathbel@gmail.com', 'Iathbel9', '*F2E84D3EB14990103E27F92513BB854ECAA8C727', 'syria', 'Boulboulle', 'file:////D://Users//Simon//Desktop//Projet Git//BDD//src//javafx//icons//rss_icon.png', '', '2014-01-23'),
('Iathrilkim@gmail.com', 'Iathrilkim27', '*F2E84D3EB14990103E27F92513BB854ECAA8C727', 'mali', 'Eyck', 'file:////D://Users//Simon//Desktop//Projet Git//BDD//src//javafx//icons//rss_icon.png', '', '2014-01-19'),
('Ionhimbil@gmail.com', 'Ionhimbil41', '*F2E84D3EB14990103E27F92513BB854ECAA8C727', 'taiwan', 'Heuvelgem', 'file:////D://Users//Simon//Desktop//Projet Git//BDD//src//javafx//icons//rss_icon.png', '', '2014-01-12'),
('Ionobe@gmail.com', 'Ionobe89', '*F2E84D3EB14990103E27F92513BB854ECAA8C727', 'indonesia', 'Geuzenbos', 'file:////D://Users//Simon//Desktop//Projet Git//BDD//src//javafx//icons//rss_icon.png', '', '2014-01-29'),
('Isshelmel@gmail.com', 'Isshelmel9', '*F2E84D3EB14990103E27F92513BB854ECAA8C727', 'turkey', 'Buisegnem', 'file:////D://Users//Simon//Desktop//Projet Git//BDD//src//javafx//icons//rss_icon.png', '', '2014-02-16'),
('Kimvielsyl@gmail.com', 'Kimvielsyl59', '*F2E84D3EB14990103E27F92513BB854ECAA8C727', 'thailand', 'Remagne', 'file:////D://Users//Simon//Desktop//Projet Git//BDD//src//javafx//icons//rss_icon.png', '', '2014-04-14'),
('Laethal@gmail.com', 'Laethal99', '*F2E84D3EB14990103E27F92513BB854ECAA8C727', 'ghana', 'Lanaye', 'file:////D://Users//Simon//Desktop//Projet Git//BDD//src//javafx//icons//rss_icon.png', '', '2014-01-20'),
('Laikasgoth@gmail.com', 'Laikasgoth15', '*F2E84D3EB14990103E27F92513BB854ECAA8C727', 'ukraine', 'Huyvelde', 'file:////D://Users//Simon//Desktop//Projet Git//BDD//src//javafx//icons//rss_icon.png', '', '2014-03-01'),
('Limrielre@gmail.com', 'Limrielre21', '*F2E84D3EB14990103E27F92513BB854ECAA8C727', 'malaysia', 'Eindsdijk', 'file:////D://Users//Simon//Desktop//Projet Git//BDD//src//javafx//icons//rss_icon.png', '', '2014-04-23'),
('Malbaneath@gmail.com', 'Malbaneath48', '*F2E84D3EB14990103E27F92513BB854ECAA8C727', 'indonesia', 'Calenberg', 'file:////D://Users//Simon//Desktop//Projet Git//BDD//src//javafx//icons//rss_icon.png', '', '2014-03-08'),
('Mantoldain@gmail.com', 'Mantoldain79', '*F2E84D3EB14990103E27F92513BB854ECAA8C727', 'india', 'Lavaselle', 'file:////D://Users//Simon//Desktop//Projet Git//BDD//src//javafx//icons//rss_icon.png', '', '2014-03-12'),
('Marob@gmail.com', 'Marob94', '*F2E84D3EB14990103E27F92513BB854ECAA8C727', 'pakistan', 'Mouland', 'file:////D://Users//Simon//Desktop//Projet Git//BDD//src//javafx//icons//rss_icon.png', '', '2014-03-18'),
('Mechlorman@gmail.com', 'Mechlorman60', '*F2E84D3EB14990103E27F92513BB854ECAA8C727', 'uganda', 'Voshoek', 'file:////D://Users//Simon//Desktop//Projet Git//BDD//src//javafx//icons//rss_icon.png', '', '2014-01-14'),
('Melhim@gmail.com', 'Melhim41', '*F2E84D3EB14990103E27F92513BB854ECAA8C727', 'france', 'Bell', 'file:////D://Users//Simon//Desktop//Projet Git//BDD//src//javafx//icons//rss_icon.png', '', '2014-02-19'),
('Minaurman@gmail.com', 'Minaurman39', '*F2E84D3EB14990103E27F92513BB854ECAA8C727', 'germany', 'Pandoerenhoek', 'file:////D://Users//Simon//Desktop//Projet Git//BDD//src//javafx//icons//rss_icon.png', '', '2014-03-31'),
('Mirgalsim@gmail.com', 'Mirgalsim6', '*F2E84D3EB14990103E27F92513BB854ECAA8C727', 'haiti', 'Remalipont', 'file:////D://Users//Simon//Desktop//Projet Git//BDD//src//javafx//icons//rss_icon.png', '', '2014-01-14'),
('Morril@gmail.com', 'Morril81', '*F2E84D3EB14990103E27F92513BB854ECAA8C727', 'guatemala', 'Maison', 'file:////D://Users//Simon//Desktop//Projet Git//BDD//src//javafx//icons//rss_icon.png', '', '2014-01-07'),
('Obbareor@gmail.com', 'Obbareor88', '*F2E84D3EB14990103E27F92513BB854ECAA8C727', 'uganda', 'Tronchiennes', 'file:////D://Users//Simon//Desktop//Projet Git//BDD//src//javafx//icons//rss_icon.png', '', '2014-04-15'),
('Quendbethque@gmail.com', 'Quendbethque78', '*F2E84D3EB14990103E27F92513BB854ECAA8C727', 'pakistan', 'Klemskerke', 'file:////D://Users//Simon//Desktop//Projet Git//BDD//src//javafx//icons//rss_icon.png', '', '2014-02-13'),
('Ranfalmalre@gmail.com', 'Ranfalmalre28', '*F2E84D3EB14990103E27F92513BB854ECAA8C727', 'pakistan', 'Stalhillebrug', 'file:////D://Users//Simon//Desktop//Projet Git//BDD//src//javafx//icons//rss_icon.png', '', '2014-03-10'),
('Rinerharie@gmail.com', 'Rinerharie27', '*F2E84D3EB14990103E27F92513BB854ECAA8C727', 'syria', 'Meiji', 'file:////D://Users//Simon//Desktop//Projet Git//BDD//src//javafx//icons//rss_icon.png', '', '2014-04-01'),
('Rocbilper@gmail.com', 'Rocbilper13', '*F2E84D3EB14990103E27F92513BB854ECAA8C727', 'panama', 'Borrekent', 'file:////D://Users//Simon//Desktop//Projet Git//BDD//src//javafx//icons//rss_icon.png', '', '2014-05-13'),
('Sarunbeor@gmail.com', 'Sarunbeor46', '*F2E84D3EB14990103E27F92513BB854ECAA8C727', 'turkey', 'Pachtgoed', 'file:////D://Users//Simon//Desktop//Projet Git//BDD//src//javafx//icons//rss_icon.png', '', '2014-05-14'),
('Simheling@gmail.com', 'Simheling68', '*F2E84D3EB14990103E27F92513BB854ECAA8C727', 'greece', 'Haven', 'file:////D://Users//Simon//Desktop//Projet Git//BDD//src//javafx//icons//rss_icon.png', '', '2014-03-31'),
('Terindil@gmail.com', 'Terindil30', '*F2E84D3EB14990103E27F92513BB854ECAA8C727', 'tanzania', 'Vlekkem', 'file:////D://Users//Simon//Desktop//Projet Git//BDD//src//javafx//icons//rss_icon.png', '', '2014-02-11'),
('Theodhal@gmail.com', 'Theodhal19', '*F2E84D3EB14990103E27F92513BB854ECAA8C727', 'panama', 'Breedhout', 'file:////D://Users//Simon//Desktop//Projet Git//BDD//src//javafx//icons//rss_icon.png', '', '2014-02-08'),
('Vanam@gmail.com', 'Vanam50', '*F2E84D3EB14990103E27F92513BB854ECAA8C727', 'syria', 'Bonheiden', 'file:////D://Users//Simon//Desktop//Projet Git//BDD//src//javafx//icons//rss_icon.png', '', '2014-04-20'),
('Vienellim@gmail.com', 'Vienellim25', '*F2E84D3EB14990103E27F92513BB854ECAA8C727', 'germany', 'Ruwmortelsheide', 'file:////D://Users//Simon//Desktop//Projet Git//BDD//src//javafx//icons//rss_icon.png', '', '2014-04-14'),
('Vienling@gmail.com', 'Vienling97', '*F2E84D3EB14990103E27F92513BB854ECAA8C727', 'turkey', 'Boucaudrie', 'file:////D://Users//Simon//Desktop//Projet Git//BDD//src//javafx//icons//rss_icon.png', '', '2014-01-21');

/*!40101 SET CHARACTER_SET_CLIENT=@OLD_CHARACTER_SET_CLIENT */;
/*!40101 SET CHARACTER_SET_RESULTS=@OLD_CHARACTER_SET_RESULTS */;
/*!40101 SET COLLATION_CONNECTION=@OLD_COLLATION_CONNECTION */;
